wavelength,Corolla_Lobe,Corolla_Tube,Leaves
300.2,5.293 ,1.784 ,0.461 
300.41,5.297 ,1.788 ,0.465 
300.62,5.301 ,1.793 ,0.468 
300.83,5.305 ,1.797 ,0.472 
301.04,5.309 ,1.802 ,0.476 
301.25,5.313 ,1.807 ,0.480 
301.46,5.317 ,1.811 ,0.484 
301.67,5.321 ,1.816 ,0.487 
301.89,5.325 ,1.820 ,0.491 
302.1,5.329 ,1.825 ,0.495 
302.31,5.333 ,1.829 ,0.499 
302.52,5.337 ,1.834 ,0.503 
302.73,5.341 ,1.838 ,0.507 
302.94,5.345 ,1.843 ,0.511 
303.15,5.349 ,1.847 ,0.514 
303.36,5.353 ,1.852 ,0.518 
303.57,5.357 ,1.856 ,0.522 
303.78,5.361 ,1.860 ,0.526 
303.99,5.364 ,1.865 ,0.530 
304.2,5.368 ,1.869 ,0.534 
304.41,5.372 ,1.874 ,0.538 
304.62,5.376 ,1.878 ,0.542 
304.83,5.380 ,1.882 ,0.546 
305.04,5.383 ,1.887 ,0.550 
305.25,5.387 ,1.891 ,0.554 
305.47,5.391 ,1.896 ,0.558 
305.68,5.394 ,1.900 ,0.562 
305.89,5.398 ,1.904 ,0.566 
306.1,5.402 ,1.908 ,0.570 
306.31,5.405 ,1.913 ,0.574 
306.52,5.409 ,1.917 ,0.578 
306.73,5.412 ,1.921 ,0.582 
306.94,5.416 ,1.926 ,0.586 
307.15,5.419 ,1.930 ,0.591 
307.36,5.423 ,1.934 ,0.595 
307.57,5.426 ,1.938 ,0.599 
307.78,5.430 ,1.943 ,0.603 
307.99,5.433 ,1.947 ,0.607 
308.2,5.437 ,1.951 ,0.611 
308.41,5.440 ,1.955 ,0.616 
308.62,5.443 ,1.960 ,0.620 
308.83,5.447 ,1.964 ,0.624 
309.04,5.450 ,1.968 ,0.628 
309.25,5.453 ,1.972 ,0.633 
309.46,5.456 ,1.976 ,0.637 
309.67,5.460 ,1.980 ,0.641 
309.88,5.463 ,1.984 ,0.645 
310.09,5.466 ,1.988 ,0.650 
310.3,5.469 ,1.992 ,0.654 
310.51,5.472 ,1.997 ,0.658 
310.72,5.476 ,2.001 ,0.663 
310.93,5.479 ,2.005 ,0.667 
311.14,5.482 ,2.009 ,0.671 
311.35,5.485 ,2.013 ,0.676 
311.56,5.488 ,2.017 ,0.680 
311.77,5.491 ,2.020 ,0.684 
311.98,5.494 ,2.024 ,0.689 
312.19,5.497 ,2.028 ,0.693 
312.4,5.500 ,2.032 ,0.698 
312.61,5.503 ,2.036 ,0.702 
312.83,5.506 ,2.040 ,0.706 
313.04,5.509 ,2.044 ,0.711 
313.25,5.511 ,2.048 ,0.715 
313.46,5.514 ,2.051 ,0.719 
313.67,5.517 ,2.055 ,0.724 
313.88,5.520 ,2.059 ,0.728 
314.09,5.523 ,2.063 ,0.732 
314.3,5.526 ,2.066 ,0.737 
314.51,5.528 ,2.070 ,0.741 
314.72,5.531 ,2.074 ,0.746 
314.93,5.534 ,2.078 ,0.750 
315.14,5.537 ,2.082 ,0.755 
315.35,5.540 ,2.086 ,0.759 
315.56,5.543 ,2.090 ,0.764 
315.77,5.546 ,2.094 ,0.769 
315.98,5.549 ,2.098 ,0.773 
316.19,5.552 ,2.102 ,0.778 
316.4,5.555 ,2.106 ,0.783 
316.61,5.558 ,2.111 ,0.788 
316.81,5.561 ,2.115 ,0.792 
317.02,5.564 ,2.119 ,0.797 
317.23,5.567 ,2.123 ,0.802 
317.44,5.570 ,2.127 ,0.807 
317.65,5.573 ,2.131 ,0.812 
317.86,5.576 ,2.136 ,0.817 
318.07,5.578 ,2.140 ,0.822 
318.28,5.581 ,2.144 ,0.826 
318.49,5.584 ,2.148 ,0.831 
318.7,5.587 ,2.152 ,0.836 
318.91,5.590 ,2.156 ,0.841 
319.12,5.593 ,2.160 ,0.846 
319.33,5.595 ,2.164 ,0.851 
319.54,5.598 ,2.168 ,0.856 
319.75,5.601 ,2.172 ,0.861 
319.96,5.603 ,2.175 ,0.865 
320.17,5.606 ,2.179 ,0.870 
320.38,5.608 ,2.183 ,0.875 
320.59,5.610 ,2.186 ,0.880 
320.8,5.613 ,2.189 ,0.884 
321.01,5.615 ,2.193 ,0.889 
321.22,5.617 ,2.196 ,0.893 
321.43,5.619 ,2.199 ,0.898 
321.64,5.621 ,2.202 ,0.903 
321.85,5.623 ,2.205 ,0.908 
322.06,5.625 ,2.208 ,0.913 
322.27,5.627 ,2.211 ,0.918 
322.48,5.628 ,2.214 ,0.923 
322.69,5.630 ,2.217 ,0.928 
322.9,5.631 ,2.220 ,0.934 
323.11,5.633 ,2.223 ,0.939 
323.32,5.634 ,2.225 ,0.945 
323.53,5.635 ,2.228 ,0.950 
323.74,5.636 ,2.231 ,0.956 
323.95,5.637 ,2.233 ,0.962 
324.15,5.638 ,2.236 ,0.967 
324.36,5.639 ,2.238 ,0.973 
324.57,5.640 ,2.241 ,0.979 
324.78,5.641 ,2.243 ,0.984 
324.99,5.642 ,2.246 ,0.990 
325.2,5.643 ,2.248 ,0.995 
325.41,5.644 ,2.250 ,1.001 
325.62,5.644 ,2.252 ,1.006 
325.83,5.645 ,2.254 ,1.012 
326.04,5.646 ,2.257 ,1.017 
326.25,5.647 ,2.259 ,1.022 
326.46,5.647 ,2.260 ,1.027 
326.67,5.648 ,2.262 ,1.032 
326.88,5.649 ,2.264 ,1.037 
327.09,5.650 ,2.266 ,1.041 
327.3,5.650 ,2.267 ,1.045 
327.51,5.651 ,2.269 ,1.050 
327.72,5.652 ,2.271 ,1.054 
327.92,5.653 ,2.272 ,1.057 
328.13,5.654 ,2.273 ,1.061 
328.34,5.655 ,2.275 ,1.064 
328.55,5.656 ,2.276 ,1.068 
328.76,5.658 ,2.277 ,1.071 
328.97,5.659 ,2.279 ,1.074 
329.18,5.660 ,2.280 ,1.078 
329.39,5.662 ,2.282 ,1.081 
329.6,5.663 ,2.283 ,1.085 
329.81,5.665 ,2.285 ,1.088 
330.02,5.667 ,2.286 ,1.091 
330.23,5.668 ,2.288 ,1.095 
330.44,5.670 ,2.290 ,1.098 
330.64,5.672 ,2.291 ,1.101 
330.85,5.674 ,2.293 ,1.104 
331.06,5.675 ,2.294 ,1.108 
331.27,5.677 ,2.296 ,1.111 
331.48,5.679 ,2.297 ,1.114 
331.69,5.681 ,2.298 ,1.117 
331.9,5.682 ,2.300 ,1.120 
332.11,5.684 ,2.301 ,1.123 
332.32,5.686 ,2.302 ,1.125 
332.53,5.687 ,2.303 ,1.128 
332.74,5.689 ,2.304 ,1.131 
332.95,5.690 ,2.305 ,1.133 
333.15,5.692 ,2.306 ,1.135 
333.36,5.693 ,2.306 ,1.138 
333.57,5.694 ,2.307 ,1.140 
333.78,5.695 ,2.308 ,1.142 
333.99,5.696 ,2.308 ,1.144 
334.2,5.697 ,2.308 ,1.145 
334.41,5.698 ,2.308 ,1.147 
334.62,5.698 ,2.308 ,1.148 
334.83,5.699 ,2.308 ,1.150 
335.04,5.699 ,2.308 ,1.151 
335.24,5.699 ,2.307 ,1.152 
335.45,5.699 ,2.306 ,1.152 
335.66,5.699 ,2.305 ,1.152 
335.87,5.698 ,2.303 ,1.152 
336.08,5.697 ,2.301 ,1.151 
336.29,5.696 ,2.298 ,1.150 
336.5,5.694 ,2.295 ,1.149 
336.71,5.693 ,2.291 ,1.147 
336.92,5.691 ,2.288 ,1.145 
337.12,5.689 ,2.284 ,1.143 
337.33,5.686 ,2.280 ,1.140 
337.54,5.684 ,2.275 ,1.137 
337.75,5.681 ,2.271 ,1.134 
337.96,5.679 ,2.266 ,1.131 
338.17,5.676 ,2.261 ,1.128 
338.38,5.673 ,2.256 ,1.125 
338.59,5.671 ,2.251 ,1.121 
338.79,5.668 ,2.246 ,1.118 
339,5.665 ,2.241 ,1.115 
339.21,5.662 ,2.236 ,1.111 
339.42,5.660 ,2.231 ,1.108 
339.63,5.657 ,2.226 ,1.104 
339.84,5.655 ,2.222 ,1.101 
340.05,5.652 ,2.217 ,1.098 
340.26,5.650 ,2.213 ,1.095 
340.46,5.648 ,2.209 ,1.092 
340.67,5.646 ,2.205 ,1.090 
340.88,5.644 ,2.201 ,1.087 
341.09,5.643 ,2.198 ,1.085 
341.3,5.642 ,2.195 ,1.084 
341.51,5.641 ,2.193 ,1.082 
341.72,5.640 ,2.190 ,1.081 
341.92,5.640 ,2.189 ,1.080 
342.13,5.639 ,2.188 ,1.080 
342.34,5.639 ,2.186 ,1.079 
342.55,5.639 ,2.185 ,1.079 
342.76,5.639 ,2.184 ,1.078 
342.97,5.639 ,2.182 ,1.077 
343.18,5.639 ,2.181 ,1.076 
343.38,5.638 ,2.179 ,1.075 
343.59,5.638 ,2.177 ,1.074 
343.8,5.638 ,2.176 ,1.072 
344.01,5.637 ,2.174 ,1.071 
344.22,5.637 ,2.172 ,1.069 
344.43,5.637 ,2.171 ,1.068 
344.64,5.636 ,2.169 ,1.067 
344.84,5.636 ,2.168 ,1.065 
345.05,5.636 ,2.166 ,1.064 
345.26,5.636 ,2.165 ,1.062 
345.47,5.635 ,2.163 ,1.061 
345.68,5.635 ,2.162 ,1.060 
345.89,5.635 ,2.161 ,1.059 
346.09,5.635 ,2.159 ,1.058 
346.3,5.636 ,2.158 ,1.057 
346.51,5.636 ,2.158 ,1.056 
346.72,5.636 ,2.157 ,1.055 
346.93,5.637 ,2.156 ,1.055 
347.14,5.637 ,2.156 ,1.054 
347.34,5.638 ,2.156 ,1.054 
347.55,5.639 ,2.156 ,1.054 
347.76,5.640 ,2.156 ,1.054 
347.97,5.641 ,2.156 ,1.055 
348.18,5.642 ,2.157 ,1.055 
348.39,5.644 ,2.158 ,1.056 
348.59,5.646 ,2.159 ,1.058 
348.8,5.647 ,2.160 ,1.059 
349.01,5.649 ,2.162 ,1.061 
349.22,5.652 ,2.164 ,1.063 
349.43,5.654 ,2.166 ,1.065 
349.64,5.657 ,2.169 ,1.068 
349.84,5.660 ,2.172 ,1.071 
350.05,5.664 ,2.175 ,1.074 
350.26,5.667 ,2.179 ,1.077 
350.47,5.671 ,2.183 ,1.080 
350.68,5.675 ,2.187 ,1.084 
350.88,5.680 ,2.192 ,1.088 
351.09,5.684 ,2.196 ,1.091 
351.3,5.689 ,2.201 ,1.095 
351.51,5.693 ,2.206 ,1.100 
351.72,5.698 ,2.211 ,1.104 
351.92,5.703 ,2.217 ,1.108 
352.13,5.708 ,2.222 ,1.112 
352.34,5.713 ,2.228 ,1.117 
352.55,5.718 ,2.233 ,1.121 
352.76,5.723 ,2.239 ,1.126 
352.96,5.728 ,2.244 ,1.131 
353.17,5.733 ,2.250 ,1.135 
353.38,5.738 ,2.256 ,1.140 
353.59,5.743 ,2.261 ,1.144 
353.8,5.748 ,2.267 ,1.149 
354,5.753 ,2.272 ,1.154 
354.21,5.758 ,2.277 ,1.158 
354.42,5.762 ,2.282 ,1.163 
354.63,5.767 ,2.287 ,1.167 
354.84,5.771 ,2.292 ,1.172 
355.04,5.775 ,2.296 ,1.176 
355.25,5.779 ,2.300 ,1.181 
355.46,5.783 ,2.304 ,1.185 
355.67,5.786 ,2.308 ,1.189 
355.88,5.790 ,2.311 ,1.193 
356.08,5.793 ,2.315 ,1.197 
356.29,5.797 ,2.319 ,1.202 
356.5,5.801 ,2.323 ,1.207 
356.71,5.805 ,2.328 ,1.212 
356.92,5.810 ,2.333 ,1.217 
357.12,5.815 ,2.338 ,1.223 
357.33,5.820 ,2.343 ,1.229 
357.54,5.825 ,2.349 ,1.235 
357.75,5.830 ,2.355 ,1.241 
357.95,5.836 ,2.360 ,1.248 
358.16,5.841 ,2.367 ,1.254 
358.37,5.847 ,2.373 ,1.261 
358.58,5.853 ,2.379 ,1.268 
358.78,5.859 ,2.385 ,1.275 
358.99,5.864 ,2.392 ,1.282 
359.2,5.870 ,2.398 ,1.289 
359.41,5.876 ,2.404 ,1.296 
359.62,5.882 ,2.410 ,1.303 
359.82,5.887 ,2.417 ,1.310 
360.03,5.893 ,2.423 ,1.317 
360.24,5.899 ,2.429 ,1.323 
360.45,5.904 ,2.435 ,1.330 
360.65,5.909 ,2.440 ,1.337 
360.86,5.914 ,2.446 ,1.344 
361.07,5.919 ,2.451 ,1.350 
361.28,5.924 ,2.456 ,1.356 
361.48,5.928 ,2.461 ,1.363 
361.69,5.932 ,2.466 ,1.369 
361.9,5.936 ,2.470 ,1.374 
362.11,5.939 ,2.474 ,1.380 
362.31,5.942 ,2.478 ,1.385 
362.52,5.945 ,2.481 ,1.390 
362.73,5.948 ,2.484 ,1.395 
362.94,5.950 ,2.486 ,1.399 
363.14,5.952 ,2.488 ,1.403 
363.35,5.953 ,2.490 ,1.408 
363.56,5.954 ,2.492 ,1.412 
363.77,5.955 ,2.493 ,1.416 
363.97,5.956 ,2.494 ,1.420 
364.18,5.956 ,2.495 ,1.424 
364.39,5.956 ,2.495 ,1.428 
364.6,5.956 ,2.496 ,1.431 
364.8,5.956 ,2.496 ,1.435 
365.01,5.955 ,2.496 ,1.439 
365.22,5.955 ,2.496 ,1.442 
365.43,5.954 ,2.495 ,1.446 
365.63,5.953 ,2.495 ,1.449 
365.84,5.952 ,2.494 ,1.453 
366.05,5.951 ,2.494 ,1.456 
366.25,5.950 ,2.493 ,1.459 
366.46,5.949 ,2.492 ,1.462 
366.67,5.947 ,2.491 ,1.466 
366.88,5.946 ,2.490 ,1.469 
367.08,5.945 ,2.489 ,1.472 
367.29,5.943 ,2.488 ,1.475 
367.5,5.942 ,2.487 ,1.478 
367.71,5.940 ,2.486 ,1.481 
367.91,5.939 ,2.485 ,1.484 
368.12,5.938 ,2.484 ,1.487 
368.33,5.937 ,2.483 ,1.490 
368.53,5.935 ,2.482 ,1.493 
368.74,5.934 ,2.481 ,1.495 
368.95,5.934 ,2.481 ,1.498 
369.16,5.933 ,2.480 ,1.501 
369.36,5.932 ,2.480 ,1.504 
369.57,5.932 ,2.479 ,1.506 
369.78,5.931 ,2.479 ,1.509 
369.98,5.930 ,2.478 ,1.511 
370.19,5.929 ,2.477 ,1.514 
370.4,5.928 ,2.476 ,1.516 
370.61,5.926 ,2.474 ,1.518 
370.81,5.925 ,2.472 ,1.519 
371.02,5.923 ,2.470 ,1.521 
371.23,5.921 ,2.468 ,1.522 
371.43,5.919 ,2.466 ,1.524 
371.64,5.917 ,2.464 ,1.525 
371.85,5.915 ,2.461 ,1.527 
372.05,5.913 ,2.459 ,1.528 
372.26,5.910 ,2.456 ,1.529 
372.47,5.908 ,2.454 ,1.530 
372.68,5.906 ,2.451 ,1.531 
372.88,5.903 ,2.448 ,1.532 
373.09,5.901 ,2.446 ,1.533 
373.3,5.899 ,2.443 ,1.534 
373.5,5.897 ,2.440 ,1.535 
373.71,5.894 ,2.438 ,1.537 
373.92,5.892 ,2.436 ,1.538 
374.12,5.890 ,2.433 ,1.539 
374.33,5.888 ,2.431 ,1.540 
374.54,5.886 ,2.429 ,1.542 
374.74,5.885 ,2.427 ,1.543 
374.95,5.883 ,2.426 ,1.545 
375.16,5.882 ,2.424 ,1.546 
375.37,5.880 ,2.423 ,1.548 
375.57,5.879 ,2.422 ,1.550 
375.78,5.878 ,2.421 ,1.552 
375.99,5.878 ,2.421 ,1.555 
376.19,5.877 ,2.421 ,1.557 
376.4,5.877 ,2.421 ,1.560 
376.61,5.877 ,2.421 ,1.563 
376.81,5.877 ,2.421 ,1.565 
377.02,5.877 ,2.422 ,1.568 
377.23,5.877 ,2.422 ,1.571 
377.43,5.877 ,2.423 ,1.573 
377.64,5.876 ,2.423 ,1.576 
377.85,5.876 ,2.424 ,1.578 
378.05,5.876 ,2.425 ,1.581 
378.26,5.876 ,2.425 ,1.583 
378.47,5.876 ,2.426 ,1.586 
378.67,5.876 ,2.427 ,1.588 
378.88,5.876 ,2.428 ,1.591 
379.09,5.875 ,2.428 ,1.593 
379.29,5.875 ,2.429 ,1.596 
379.5,5.875 ,2.430 ,1.598 
379.71,5.875 ,2.431 ,1.601 
379.91,5.875 ,2.432 ,1.603 
380.12,5.875 ,2.433 ,1.606 
380.33,5.875 ,2.434 ,1.608 
380.53,5.875 ,2.435 ,1.611 
380.74,5.876 ,2.436 ,1.613 
380.94,5.876 ,2.438 ,1.616 
381.15,5.876 ,2.439 ,1.619 
381.36,5.876 ,2.440 ,1.622 
381.56,5.877 ,2.441 ,1.625 
381.77,5.877 ,2.442 ,1.628 
381.98,5.878 ,2.444 ,1.631 
382.18,5.878 ,2.445 ,1.634 
382.39,5.879 ,2.446 ,1.637 
382.6,5.880 ,2.448 ,1.640 
382.8,5.880 ,2.449 ,1.643 
383.01,5.881 ,2.450 ,1.647 
383.22,5.882 ,2.452 ,1.650 
383.42,5.883 ,2.453 ,1.654 
383.63,5.884 ,2.455 ,1.657 
383.83,5.886 ,2.457 ,1.661 
384.04,5.887 ,2.458 ,1.665 
384.25,5.889 ,2.460 ,1.668 
384.45,5.890 ,2.462 ,1.672 
384.66,5.892 ,2.464 ,1.676 
384.87,5.894 ,2.466 ,1.680 
385.07,5.895 ,2.468 ,1.684 
385.28,5.897 ,2.470 ,1.688 
385.48,5.899 ,2.473 ,1.692 
385.69,5.901 ,2.475 ,1.696 
385.9,5.903 ,2.477 ,1.700 
386.1,5.906 ,2.480 ,1.704 
386.31,5.908 ,2.482 ,1.709 
386.52,5.910 ,2.485 ,1.713 
386.72,5.913 ,2.487 ,1.717 
386.93,5.915 ,2.490 ,1.722 
387.13,5.917 ,2.493 ,1.726 
387.34,5.920 ,2.495 ,1.730 
387.55,5.922 ,2.498 ,1.735 
387.75,5.925 ,2.501 ,1.739 
387.96,5.927 ,2.504 ,1.744 
388.17,5.930 ,2.507 ,1.749 
388.37,5.933 ,2.509 ,1.753 
388.58,5.935 ,2.512 ,1.758 
388.78,5.938 ,2.515 ,1.763 
388.99,5.941 ,2.518 ,1.768 
389.2,5.943 ,2.521 ,1.772 
389.4,5.946 ,2.524 ,1.777 
389.61,5.949 ,2.527 ,1.782 
389.81,5.951 ,2.530 ,1.787 
390.02,5.954 ,2.533 ,1.792 
390.23,5.956 ,2.536 ,1.797 
390.43,5.959 ,2.539 ,1.802 
390.64,5.962 ,2.542 ,1.807 
390.84,5.965 ,2.545 ,1.813 
391.05,5.968 ,2.548 ,1.818 
391.26,5.971 ,2.551 ,1.823 
391.46,5.974 ,2.554 ,1.829 
391.67,5.977 ,2.557 ,1.835 
391.87,5.980 ,2.560 ,1.840 
392.08,5.983 ,2.563 ,1.846 
392.28,5.986 ,2.566 ,1.852 
392.49,5.989 ,2.569 ,1.857 
392.7,5.992 ,2.572 ,1.863 
392.9,5.995 ,2.575 ,1.869 
393.11,5.999 ,2.578 ,1.875 
393.31,6.002 ,2.581 ,1.881 
393.52,6.005 ,2.584 ,1.887 
393.73,6.008 ,2.587 ,1.893 
393.93,6.012 ,2.591 ,1.899 
394.14,6.015 ,2.594 ,1.905 
394.34,6.018 ,2.597 ,1.911 
394.55,6.022 ,2.601 ,1.917 
394.75,6.025 ,2.604 ,1.923 
394.96,6.028 ,2.608 ,1.929 
395.17,6.032 ,2.612 ,1.935 
395.37,6.035 ,2.615 ,1.941 
395.58,6.038 ,2.619 ,1.947 
395.78,6.041 ,2.623 ,1.953 
395.99,6.045 ,2.627 ,1.958 
396.19,6.048 ,2.631 ,1.964 
396.4,6.051 ,2.635 ,1.970 
396.61,6.054 ,2.639 ,1.976 
396.81,6.058 ,2.643 ,1.982 
397.02,6.061 ,2.647 ,1.988 
397.22,6.064 ,2.652 ,1.994 
397.43,6.068 ,2.656 ,2.000 
397.63,6.071 ,2.660 ,2.006 
397.84,6.074 ,2.664 ,2.013 
398.04,6.077 ,2.668 ,2.019 
398.25,6.081 ,2.672 ,2.026 
398.46,6.084 ,2.677 ,2.032 
398.66,6.088 ,2.681 ,2.039 
398.87,6.091 ,2.685 ,2.045 
399.07,6.094 ,2.689 ,2.052 
399.28,6.098 ,2.694 ,2.058 
399.48,6.101 ,2.698 ,2.065 
399.69,6.105 ,2.702 ,2.072 
399.89,6.108 ,2.707 ,2.078 
400.1,6.112 ,2.711 ,2.085 
400.3,6.115 ,2.716 ,2.091 
400.51,6.119 ,2.720 ,2.098 
400.72,6.122 ,2.725 ,2.105 
400.92,6.126 ,2.729 ,2.111 
401.13,6.130 ,2.734 ,2.118 
401.33,6.133 ,2.739 ,2.124 
401.54,6.137 ,2.744 ,2.131 
401.74,6.140 ,2.749 ,2.137 
401.95,6.144 ,2.754 ,2.143 
402.15,6.148 ,2.759 ,2.150 
402.36,6.152 ,2.764 ,2.156 
402.56,6.155 ,2.770 ,2.162 
402.77,6.159 ,2.775 ,2.168 
402.97,6.163 ,2.781 ,2.174 
403.18,6.167 ,2.787 ,2.180 
403.38,6.171 ,2.792 ,2.185 
403.59,6.175 ,2.798 ,2.191 
403.8,6.179 ,2.804 ,2.197 
404,6.183 ,2.811 ,2.203 
404.21,6.187 ,2.817 ,2.209 
404.41,6.191 ,2.823 ,2.215 
404.62,6.195 ,2.830 ,2.221 
404.82,6.199 ,2.837 ,2.227 
405.03,6.203 ,2.843 ,2.233 
405.23,6.208 ,2.850 ,2.240 
405.44,6.212 ,2.857 ,2.246 
405.64,6.216 ,2.864 ,2.252 
405.85,6.221 ,2.871 ,2.258 
406.05,6.225 ,2.878 ,2.265 
406.26,6.230 ,2.886 ,2.271 
406.46,6.234 ,2.893 ,2.277 
406.67,6.239 ,2.900 ,2.283 
406.87,6.243 ,2.908 ,2.290 
407.08,6.248 ,2.915 ,2.296 
407.28,6.252 ,2.923 ,2.302 
407.49,6.257 ,2.931 ,2.308 
407.69,6.261 ,2.938 ,2.314 
407.9,6.266 ,2.946 ,2.320 
408.1,6.270 ,2.954 ,2.326 
408.31,6.275 ,2.962 ,2.332 
408.51,6.280 ,2.970 ,2.338 
408.72,6.284 ,2.978 ,2.344 
408.92,6.289 ,2.986 ,2.350 
409.13,6.294 ,2.994 ,2.355 
409.33,6.298 ,3.002 ,2.361 
409.54,6.303 ,3.010 ,2.366 
409.74,6.307 ,3.018 ,2.371 
409.95,6.312 ,3.026 ,2.377 
410.15,6.317 ,3.034 ,2.382 
410.36,6.322 ,3.042 ,2.387 
410.56,6.327 ,3.051 ,2.392 
410.77,6.332 ,3.059 ,2.398 
410.97,6.337 ,3.068 ,2.403 
411.18,6.342 ,3.077 ,2.409 
411.38,6.348 ,3.086 ,2.414 
411.59,6.353 ,3.095 ,2.420 
411.79,6.358 ,3.105 ,2.425 
411.99,6.364 ,3.114 ,2.431 
412.2,6.370 ,3.123 ,2.436 
412.4,6.375 ,3.133 ,2.442 
412.61,6.381 ,3.143 ,2.447 
412.81,6.387 ,3.152 ,2.452 
413.02,6.392 ,3.162 ,2.458 
413.22,6.398 ,3.172 ,2.463 
413.43,6.404 ,3.181 ,2.468 
413.63,6.409 ,3.191 ,2.474 
413.84,6.415 ,3.201 ,2.479 
414.04,6.421 ,3.211 ,2.484 
414.25,6.426 ,3.220 ,2.489 
414.45,6.432 ,3.230 ,2.494 
414.66,6.437 ,3.240 ,2.499 
414.86,6.443 ,3.250 ,2.503 
415.06,6.448 ,3.259 ,2.508 
415.27,6.453 ,3.269 ,2.512 
415.47,6.458 ,3.278 ,2.516 
415.68,6.463 ,3.288 ,2.520 
415.88,6.468 ,3.297 ,2.524 
416.09,6.473 ,3.306 ,2.528 
416.29,6.478 ,3.315 ,2.532 
416.5,6.482 ,3.324 ,2.535 
416.7,6.486 ,3.333 ,2.538 
416.91,6.491 ,3.342 ,2.541 
417.11,6.495 ,3.351 ,2.544 
417.31,6.499 ,3.360 ,2.547 
417.52,6.504 ,3.369 ,2.550 
417.72,6.508 ,3.378 ,2.553 
417.93,6.513 ,3.388 ,2.555 
418.13,6.517 ,3.397 ,2.558 
418.34,6.521 ,3.407 ,2.560 
418.54,6.526 ,3.416 ,2.563 
418.75,6.530 ,3.426 ,2.565 
418.95,6.535 ,3.436 ,2.567 
419.15,6.539 ,3.446 ,2.569 
419.36,6.544 ,3.455 ,2.572 
419.56,6.548 ,3.465 ,2.574 
419.77,6.552 ,3.475 ,2.575 
419.97,6.557 ,3.485 ,2.577 
420.18,6.561 ,3.495 ,2.579 
420.38,6.565 ,3.504 ,2.581 
420.58,6.570 ,3.514 ,2.582 
420.79,6.574 ,3.524 ,2.584 
420.99,6.578 ,3.534 ,2.585 
421.2,6.582 ,3.543 ,2.587 
421.4,6.586 ,3.553 ,2.588 
421.61,6.590 ,3.562 ,2.589 
421.81,6.594 ,3.571 ,2.590 
422.01,6.597 ,3.581 ,2.591 
422.22,6.601 ,3.590 ,2.592 
422.42,6.605 ,3.599 ,2.593 
422.63,6.608 ,3.608 ,2.594 
422.83,6.611 ,3.616 ,2.595 
423.03,6.615 ,3.625 ,2.595 
423.24,6.618 ,3.633 ,2.596 
423.44,6.621 ,3.641 ,2.597 
423.65,6.624 ,3.650 ,2.597 
423.85,6.626 ,3.658 ,2.597 
424.05,6.629 ,3.666 ,2.597 
424.26,6.631 ,3.674 ,2.597 
424.46,6.633 ,3.682 ,2.596 
424.67,6.635 ,3.690 ,2.595 
424.87,6.637 ,3.698 ,2.595 
425.07,6.639 ,3.706 ,2.594 
425.28,6.641 ,3.714 ,2.592 
425.48,6.642 ,3.722 ,2.591 
425.69,6.644 ,3.730 ,2.590 
425.89,6.645 ,3.738 ,2.588 
426.09,6.646 ,3.745 ,2.587 
426.3,6.647 ,3.753 ,2.585 
426.5,6.649 ,3.761 ,2.583 
426.71,6.650 ,3.769 ,2.582 
426.91,6.651 ,3.776 ,2.580 
427.11,6.652 ,3.784 ,2.578 
427.32,6.653 ,3.792 ,2.576 
427.52,6.654 ,3.799 ,2.574 
427.73,6.655 ,3.807 ,2.572 
427.93,6.657 ,3.814 ,2.571 
428.13,6.658 ,3.822 ,2.569 
428.34,6.659 ,3.829 ,2.567 
428.54,6.661 ,3.837 ,2.565 
428.74,6.662 ,3.844 ,2.564 
428.95,6.664 ,3.851 ,2.562 
429.15,6.666 ,3.858 ,2.561 
429.36,6.667 ,3.866 ,2.559 
429.56,6.669 ,3.873 ,2.558 
429.76,6.672 ,3.880 ,2.557 
429.97,6.674 ,3.887 ,2.556 
430.17,6.676 ,3.894 ,2.555 
430.37,6.679 ,3.901 ,2.554 
430.58,6.681 ,3.907 ,2.553 
430.78,6.682 ,3.913 ,2.552 
430.99,6.684 ,3.919 ,2.550 
431.19,6.685 ,3.925 ,2.549 
431.39,6.686 ,3.930 ,2.547 
431.6,6.687 ,3.935 ,2.545 
431.8,6.687 ,3.940 ,2.543 
432,6.687 ,3.945 ,2.541 
432.21,6.688 ,3.950 ,2.538 
432.41,6.688 ,3.954 ,2.536 
432.61,6.688 ,3.958 ,2.534 
432.82,6.688 ,3.963 ,2.531 
433.02,6.688 ,3.967 ,2.529 
433.23,6.688 ,3.971 ,2.526 
433.43,6.689 ,3.975 ,2.524 
433.63,6.689 ,3.980 ,2.521 
433.84,6.689 ,3.984 ,2.519 
434.04,6.689 ,3.988 ,2.516 
434.24,6.690 ,3.992 ,2.514 
434.45,6.691 ,3.997 ,2.511 
434.65,6.692 ,4.001 ,2.509 
434.85,6.693 ,4.006 ,2.507 
435.06,6.694 ,4.011 ,2.505 
435.26,6.696 ,4.016 ,2.503 
435.46,6.697 ,4.021 ,2.501 
435.67,6.700 ,4.027 ,2.499 
435.87,6.702 ,4.032 ,2.497 
436.07,6.705 ,4.038 ,2.496 
436.28,6.708 ,4.045 ,2.494 
436.48,6.712 ,4.051 ,2.493 
436.68,6.716 ,4.058 ,2.492 
436.89,6.720 ,4.065 ,2.492 
437.09,6.725 ,4.072 ,2.491 
437.29,6.729 ,4.079 ,2.490 
437.5,6.733 ,4.085 ,2.489 
437.7,6.736 ,4.092 ,2.489 
437.9,6.740 ,4.099 ,2.488 
438.11,6.744 ,4.105 ,2.488 
438.31,6.748 ,4.112 ,2.487 
438.51,6.752 ,4.119 ,2.487 
438.72,6.756 ,4.125 ,2.486 
438.92,6.760 ,4.132 ,2.486 
439.12,6.765 ,4.139 ,2.486 
439.33,6.769 ,4.146 ,2.486 
439.53,6.773 ,4.152 ,2.485 
439.73,6.778 ,4.159 ,2.485 
439.93,6.782 ,4.166 ,2.485 
440.14,6.787 ,4.173 ,2.485 
440.34,6.792 ,4.180 ,2.485 
440.54,6.797 ,4.188 ,2.485 
440.75,6.803 ,4.195 ,2.485 
440.95,6.808 ,4.202 ,2.485 
441.15,6.814 ,4.210 ,2.485 
441.36,6.820 ,4.217 ,2.485 
441.56,6.826 ,4.225 ,2.485 
441.76,6.833 ,4.233 ,2.486 
441.97,6.840 ,4.241 ,2.486 
442.17,6.847 ,4.250 ,2.486 
442.37,6.854 ,4.258 ,2.486 
442.57,6.862 ,4.267 ,2.486 
442.78,6.870 ,4.275 ,2.487 
442.98,6.879 ,4.284 ,2.487 
443.18,6.888 ,4.294 ,2.487 
443.39,6.897 ,4.303 ,2.487 
443.59,6.907 ,4.313 ,2.488 
443.79,6.917 ,4.323 ,2.489 
443.99,6.927 ,4.333 ,2.489 
444.2,6.937 ,4.343 ,2.490 
444.4,6.947 ,4.354 ,2.492 
444.6,6.958 ,4.365 ,2.493 
444.81,6.969 ,4.375 ,2.494 
445.01,6.980 ,4.387 ,2.496 
445.21,6.992 ,4.398 ,2.497 
445.41,7.004 ,4.409 ,2.499 
445.62,7.015 ,4.420 ,2.500 
445.82,7.027 ,4.432 ,2.502 
446.02,7.040 ,4.444 ,2.504 
446.23,7.052 ,4.455 ,2.505 
446.43,7.065 ,4.467 ,2.507 
446.63,7.077 ,4.479 ,2.509 
446.83,7.090 ,4.491 ,2.511 
447.04,7.103 ,4.503 ,2.512 
447.24,7.116 ,4.515 ,2.514 
447.44,7.130 ,4.527 ,2.516 
447.64,7.143 ,4.539 ,2.517 
447.85,7.157 ,4.551 ,2.519 
448.05,7.170 ,4.563 ,2.520 
448.25,7.184 ,4.575 ,2.522 
448.46,7.198 ,4.587 ,2.523 
448.66,7.212 ,4.599 ,2.524 
448.86,7.226 ,4.611 ,2.525 
449.06,7.240 ,4.623 ,2.526 
449.27,7.254 ,4.634 ,2.526 
449.47,7.269 ,4.646 ,2.527 
449.67,7.283 ,4.657 ,2.527 
449.87,7.297 ,4.669 ,2.527 
450.08,7.313 ,4.681 ,2.527 
450.28,7.328 ,4.693 ,2.527 
450.48,7.344 ,4.705 ,2.527 
450.68,7.360 ,4.718 ,2.528 
450.89,7.377 ,4.731 ,2.528 
451.09,7.394 ,4.744 ,2.528 
451.29,7.411 ,4.757 ,2.528 
451.49,7.429 ,4.771 ,2.528 
451.7,7.447 ,4.784 ,2.528 
451.9,7.465 ,4.798 ,2.528 
452.1,7.483 ,4.812 ,2.528 
452.3,7.502 ,4.826 ,2.528 
452.51,7.520 ,4.840 ,2.528 
452.71,7.539 ,4.854 ,2.528 
452.91,7.558 ,4.868 ,2.528 
453.11,7.577 ,4.882 ,2.528 
453.31,7.597 ,4.896 ,2.528 
453.52,7.616 ,4.910 ,2.528 
453.72,7.635 ,4.924 ,2.528 
453.92,7.655 ,4.938 ,2.527 
454.12,7.674 ,4.952 ,2.527 
454.33,7.693 ,4.965 ,2.527 
454.53,7.713 ,4.979 ,2.527 
454.73,7.732 ,4.992 ,2.526 
454.93,7.751 ,5.006 ,2.526 
455.14,7.770 ,5.019 ,2.526 
455.34,7.789 ,5.031 ,2.525 
455.54,7.807 ,5.044 ,2.525 
455.74,7.826 ,5.056 ,2.524 
455.94,7.844 ,5.068 ,2.523 
456.15,7.862 ,5.080 ,2.523 
456.35,7.880 ,5.092 ,2.522 
456.55,7.898 ,5.103 ,2.521 
456.75,7.917 ,5.114 ,2.520 
456.95,7.935 ,5.126 ,2.519 
457.16,7.954 ,5.137 ,2.518 
457.36,7.974 ,5.148 ,2.517 
457.56,7.993 ,5.159 ,2.516 
457.76,8.013 ,5.171 ,2.514 
457.97,8.032 ,5.182 ,2.513 
458.17,8.052 ,5.193 ,2.511 
458.37,8.072 ,5.204 ,2.510 
458.57,8.093 ,5.215 ,2.508 
458.77,8.113 ,5.226 ,2.506 
458.98,8.133 ,5.237 ,2.505 
459.18,8.154 ,5.248 ,2.503 
459.38,8.174 ,5.258 ,2.501 
459.58,8.195 ,5.269 ,2.499 
459.78,8.215 ,5.280 ,2.498 
459.99,8.236 ,5.291 ,2.496 
460.19,8.256 ,5.301 ,2.494 
460.39,8.277 ,5.312 ,2.492 
460.59,8.297 ,5.322 ,2.491 
460.79,8.317 ,5.333 ,2.489 
460.99,8.337 ,5.343 ,2.487 
461.2,8.357 ,5.354 ,2.485 
461.4,8.377 ,5.364 ,2.484 
461.6,8.396 ,5.374 ,2.482 
461.8,8.416 ,5.384 ,2.481 
462,8.435 ,5.394 ,2.479 
462.21,8.453 ,5.404 ,2.478 
462.41,8.472 ,5.414 ,2.476 
462.61,8.490 ,5.424 ,2.475 
462.81,8.508 ,5.434 ,2.474 
463.01,8.526 ,5.444 ,2.472 
463.21,8.544 ,5.454 ,2.471 
463.42,8.563 ,5.463 ,2.469 
463.62,8.581 ,5.473 ,2.467 
463.82,8.599 ,5.482 ,2.466 
464.02,8.618 ,5.491 ,2.464 
464.22,8.636 ,5.500 ,2.462 
464.42,8.655 ,5.510 ,2.459 
464.63,8.673 ,5.519 ,2.457 
464.83,8.692 ,5.528 ,2.455 
465.03,8.710 ,5.536 ,2.453 
465.23,8.729 ,5.545 ,2.451 
465.43,8.747 ,5.554 ,2.448 
465.63,8.766 ,5.563 ,2.446 
465.84,8.784 ,5.572 ,2.444 
466.04,8.802 ,5.580 ,2.441 
466.24,8.821 ,5.589 ,2.439 
466.44,8.839 ,5.597 ,2.437 
466.64,8.857 ,5.606 ,2.434 
466.84,8.875 ,5.614 ,2.432 
467.05,8.893 ,5.623 ,2.430 
467.25,8.910 ,5.631 ,2.428 
467.45,8.928 ,5.640 ,2.426 
467.65,8.946 ,5.648 ,2.424 
467.85,8.963 ,5.657 ,2.423 
468.05,8.980 ,5.665 ,2.421 
468.25,8.997 ,5.673 ,2.419 
468.46,9.014 ,5.682 ,2.418 
468.66,9.031 ,5.690 ,2.417 
468.86,9.047 ,5.698 ,2.416 
469.06,9.063 ,5.707 ,2.415 
469.26,9.079 ,5.715 ,2.414 
469.46,9.095 ,5.724 ,2.413 
469.66,9.111 ,5.732 ,2.413 
469.86,9.127 ,5.740 ,2.413 
470.07,9.144 ,5.749 ,2.412 
470.27,9.160 ,5.757 ,2.412 
470.47,9.176 ,5.766 ,2.412 
470.67,9.192 ,5.774 ,2.413 
470.87,9.208 ,5.783 ,2.413 
471.07,9.224 ,5.791 ,2.413 
471.27,9.240 ,5.800 ,2.414 
471.47,9.256 ,5.808 ,2.414 
471.68,9.272 ,5.816 ,2.415 
471.88,9.288 ,5.825 ,2.416 
472.08,9.304 ,5.833 ,2.417 
472.28,9.319 ,5.841 ,2.417 
472.48,9.335 ,5.849 ,2.418 
472.68,9.350 ,5.857 ,2.419 
472.88,9.366 ,5.866 ,2.420 
473.08,9.381 ,5.874 ,2.421 
473.29,9.396 ,5.882 ,2.421 
473.49,9.411 ,5.890 ,2.422 
473.69,9.426 ,5.897 ,2.423 
473.89,9.440 ,5.905 ,2.424 
474.09,9.455 ,5.913 ,2.425 
474.29,9.469 ,5.921 ,2.425 
474.49,9.483 ,5.928 ,2.426 
474.69,9.497 ,5.936 ,2.426 
474.89,9.510 ,5.943 ,2.427 
475.09,9.524 ,5.950 ,2.427 
475.3,9.537 ,5.957 ,2.427 
475.5,9.550 ,5.964 ,2.427 
475.7,9.562 ,5.971 ,2.428 
475.9,9.575 ,5.978 ,2.428 
476.1,9.587 ,5.985 ,2.428 
476.3,9.599 ,5.992 ,2.428 
476.5,9.612 ,5.998 ,2.429 
476.7,9.624 ,6.005 ,2.429 
476.9,9.636 ,6.011 ,2.430 
477.1,9.648 ,6.017 ,2.431 
477.31,9.659 ,6.024 ,2.431 
477.51,9.671 ,6.030 ,2.432 
477.71,9.682 ,6.036 ,2.433 
477.91,9.694 ,6.042 ,2.434 
478.11,9.705 ,6.048 ,2.434 
478.31,9.716 ,6.054 ,2.435 
478.51,9.727 ,6.060 ,2.436 
478.71,9.738 ,6.065 ,2.437 
478.91,9.749 ,6.071 ,2.438 
479.11,9.759 ,6.077 ,2.438 
479.31,9.770 ,6.083 ,2.439 
479.51,9.780 ,6.088 ,2.440 
479.71,9.790 ,6.094 ,2.441 
479.92,9.800 ,6.100 ,2.441 
480.12,9.810 ,6.105 ,2.442 
480.32,9.820 ,6.111 ,2.442 
480.52,9.830 ,6.116 ,2.443 
480.72,9.839 ,6.122 ,2.443 
480.92,9.848 ,6.127 ,2.443 
481.12,9.857 ,6.133 ,2.444 
481.32,9.867 ,6.139 ,2.444 
481.52,9.875 ,6.144 ,2.444 
481.72,9.884 ,6.150 ,2.444 
481.92,9.893 ,6.155 ,2.443 
482.12,9.901 ,6.161 ,2.443 
482.32,9.909 ,6.166 ,2.442 
482.52,9.916 ,6.170 ,2.442 
482.72,9.923 ,6.175 ,2.441 
482.92,9.930 ,6.178 ,2.440 
483.13,9.936 ,6.182 ,2.439 
483.33,9.942 ,6.185 ,2.438 
483.53,9.947 ,6.187 ,2.437 
483.73,9.952 ,6.190 ,2.436 
483.93,9.957 ,6.192 ,2.435 
484.13,9.961 ,6.194 ,2.434 
484.33,9.965 ,6.195 ,2.433 
484.53,9.969 ,6.197 ,2.432 
484.73,9.973 ,6.199 ,2.431 
484.93,9.977 ,6.200 ,2.429 
485.13,9.980 ,6.202 ,2.428 
485.33,9.984 ,6.203 ,2.427 
485.53,9.987 ,6.205 ,2.425 
485.73,9.991 ,6.206 ,2.424 
485.93,9.994 ,6.208 ,2.422 
486.13,9.998 ,6.210 ,2.421 
486.33,10.001 ,6.213 ,2.420 
486.53,10.005 ,6.215 ,2.418 
486.73,10.009 ,6.218 ,2.417 
486.93,10.013 ,6.221 ,2.416 
487.13,10.017 ,6.225 ,2.414 
487.33,10.022 ,6.229 ,2.413 
487.53,10.026 ,6.233 ,2.412 
487.73,10.031 ,6.238 ,2.411 
487.93,10.037 ,6.244 ,2.409 
488.13,10.042 ,6.250 ,2.408 
488.33,10.048 ,6.257 ,2.407 
488.53,10.054 ,6.263 ,2.406 
488.73,10.060 ,6.270 ,2.405 
488.93,10.065 ,6.275 ,2.403 
489.13,10.070 ,6.281 ,2.401 
489.33,10.074 ,6.286 ,2.399 
489.53,10.079 ,6.291 ,2.397 
489.73,10.083 ,6.296 ,2.395 
489.93,10.086 ,6.301 ,2.392 
490.14,10.090 ,6.305 ,2.390 
490.34,10.093 ,6.310 ,2.387 
490.54,10.097 ,6.314 ,2.384 
490.74,10.100 ,6.318 ,2.382 
490.94,10.103 ,6.323 ,2.379 
491.14,10.106 ,6.327 ,2.376 
491.34,10.109 ,6.332 ,2.373 
491.54,10.112 ,6.337 ,2.370 
491.74,10.115 ,6.342 ,2.367 
491.94,10.118 ,6.347 ,2.365 
492.14,10.122 ,6.353 ,2.362 
492.33,10.125 ,6.359 ,2.359 
492.53,10.129 ,6.365 ,2.357 
492.73,10.133 ,6.372 ,2.354 
492.93,10.137 ,6.379 ,2.352 
493.13,10.142 ,6.387 ,2.350 
493.33,10.146 ,6.395 ,2.348 
493.53,10.151 ,6.404 ,2.346 
493.73,10.157 ,6.414 ,2.344 
493.93,10.163 ,6.424 ,2.343 
494.13,10.169 ,6.435 ,2.342 
494.33,10.176 ,6.447 ,2.341 
494.53,10.184 ,6.459 ,2.340 
494.73,10.192 ,6.473 ,2.340 
494.93,10.200 ,6.487 ,2.340 
495.13,10.209 ,6.501 ,2.339 
495.33,10.217 ,6.515 ,2.338 
495.53,10.226 ,6.529 ,2.337 
495.73,10.235 ,6.543 ,2.336 
495.93,10.244 ,6.557 ,2.334 
496.13,10.253 ,6.572 ,2.332 
496.33,10.262 ,6.586 ,2.330 
496.53,10.271 ,6.600 ,2.328 
496.73,10.281 ,6.615 ,2.326 
496.93,10.291 ,6.629 ,2.324 
497.13,10.300 ,6.644 ,2.322 
497.33,10.310 ,6.660 ,2.320 
497.53,10.320 ,6.675 ,2.318 
497.73,10.330 ,6.691 ,2.316 
497.93,10.340 ,6.707 ,2.314 
498.13,10.351 ,6.724 ,2.312 
498.33,10.361 ,6.741 ,2.310 
498.53,10.372 ,6.758 ,2.309 
498.73,10.383 ,6.776 ,2.308 
498.93,10.394 ,6.795 ,2.307 
499.13,10.405 ,6.814 ,2.306 
499.32,10.416 ,6.833 ,2.306 
499.52,10.427 ,6.853 ,2.306 
499.72,10.439 ,6.874 ,2.306 
499.92,10.450 ,6.895 ,2.307 
500.12,10.462 ,6.917 ,2.308 
500.32,10.474 ,6.940 ,2.310 
500.52,10.486 ,6.964 ,2.312 
500.72,10.498 ,6.988 ,2.314 
500.92,10.510 ,7.014 ,2.318 
501.12,10.523 ,7.040 ,2.321 
501.32,10.536 ,7.066 ,2.325 
501.52,10.549 ,7.093 ,2.328 
501.72,10.563 ,7.120 ,2.331 
501.92,10.578 ,7.148 ,2.333 
502.12,10.592 ,7.177 ,2.336 
502.32,10.607 ,7.205 ,2.338 
502.51,10.623 ,7.235 ,2.340 
502.71,10.639 ,7.264 ,2.342 
502.91,10.655 ,7.294 ,2.344 
503.11,10.671 ,7.325 ,2.346 
503.31,10.688 ,7.356 ,2.348 
503.51,10.704 ,7.388 ,2.351 
503.71,10.721 ,7.420 ,2.353 
503.91,10.739 ,7.452 ,2.356 
504.11,10.756 ,7.485 ,2.358 
504.31,10.773 ,7.518 ,2.361 
504.51,10.791 ,7.552 ,2.365 
504.71,10.808 ,7.586 ,2.368 
504.91,10.826 ,7.621 ,2.372 
505.1,10.843 ,7.656 ,2.377 
505.3,10.861 ,7.692 ,2.382 
505.5,10.878 ,7.728 ,2.387 
505.7,10.896 ,7.764 ,2.393 
505.9,10.913 ,7.801 ,2.400 
506.1,10.930 ,7.839 ,2.407 
506.3,10.947 ,7.877 ,2.415 
506.5,10.964 ,7.915 ,2.423 
506.7,10.980 ,7.954 ,2.433 
506.9,10.996 ,7.993 ,2.443 
507.09,11.013 ,8.033 ,2.454 
507.29,11.028 ,8.073 ,2.466 
507.49,11.044 ,8.114 ,2.478 
507.69,11.059 ,8.155 ,2.491 
507.89,11.076 ,8.198 ,2.504 
508.09,11.092 ,8.241 ,2.516 
508.29,11.109 ,8.286 ,2.528 
508.49,11.126 ,8.331 ,2.540 
508.69,11.143 ,8.377 ,2.552 
508.89,11.160 ,8.423 ,2.564 
509.08,11.178 ,8.471 ,2.576 
509.28,11.196 ,8.519 ,2.589 
509.48,11.214 ,8.567 ,2.601 
509.68,11.232 ,8.617 ,2.614 
509.88,11.250 ,8.666 ,2.627 
510.08,11.268 ,8.717 ,2.640 
510.28,11.287 ,8.767 ,2.654 
510.48,11.305 ,8.818 ,2.668 
510.67,11.323 ,8.870 ,2.682 
510.87,11.341 ,8.922 ,2.697 
511.07,11.359 ,8.974 ,2.713 
511.27,11.377 ,9.026 ,2.729 
511.47,11.395 ,9.078 ,2.746 
511.67,11.412 ,9.131 ,2.764 
511.87,11.430 ,9.184 ,2.782 
512.07,11.447 ,9.237 ,2.801 
512.26,11.464 ,9.289 ,2.821 
512.46,11.480 ,9.342 ,2.842 
512.66,11.496 ,9.395 ,2.864 
512.86,11.512 ,9.447 ,2.887 
513.06,11.528 ,9.500 ,2.911 
513.26,11.543 ,9.552 ,2.936 
513.46,11.557 ,9.604 ,2.962 
513.65,11.572 ,9.656 ,2.990 
513.85,11.586 ,9.708 ,3.018 
514.05,11.600 ,9.762 ,3.047 
514.25,11.614 ,9.816 ,3.076 
514.45,11.628 ,9.872 ,3.105 
514.65,11.642 ,9.928 ,3.135 
514.85,11.656 ,9.986 ,3.166 
515.04,11.670 ,10.044 ,3.197 
515.24,11.684 ,10.102 ,3.229 
515.44,11.698 ,10.161 ,3.262 
515.64,11.711 ,10.221 ,3.295 
515.84,11.725 ,10.282 ,3.328 
516.04,11.739 ,10.342 ,3.362 
516.23,11.752 ,10.404 ,3.397 
516.43,11.766 ,10.465 ,3.432 
516.63,11.779 ,10.527 ,3.468 
516.83,11.793 ,10.589 ,3.504 
517.03,11.806 ,10.651 ,3.541 
517.23,11.819 ,10.713 ,3.578 
517.42,11.832 ,10.775 ,3.617 
517.62,11.845 ,10.837 ,3.655 
517.82,11.857 ,10.899 ,3.695 
518.02,11.870 ,10.961 ,3.735 
518.22,11.882 ,11.022 ,3.775 
518.42,11.895 ,11.083 ,3.817 
518.61,11.907 ,11.144 ,3.858 
518.81,11.918 ,11.204 ,3.901 
519.01,11.930 ,11.264 ,3.944 
519.21,11.942 ,11.323 ,3.988 
519.41,11.953 ,11.382 ,4.032 
519.61,11.964 ,11.440 ,4.077 
519.8,11.975 ,11.497 ,4.123 
520,11.985 ,11.553 ,4.170 
520.2,11.995 ,11.610 ,4.217 
520.4,12.005 ,11.667 ,4.267 
520.6,12.015 ,11.725 ,4.318 
520.79,12.025 ,11.784 ,4.371 
520.99,12.034 ,11.843 ,4.424 
521.19,12.043 ,11.903 ,4.480 
521.39,12.052 ,11.963 ,4.536 
521.59,12.061 ,12.024 ,4.594 
521.78,12.069 ,12.085 ,4.652 
521.98,12.078 ,12.146 ,4.712 
522.18,12.086 ,12.208 ,4.773 
522.38,12.094 ,12.269 ,4.834 
522.58,12.102 ,12.331 ,4.896 
522.77,12.110 ,12.393 ,4.959 
522.97,12.117 ,12.454 ,5.022 
523.17,12.125 ,12.516 ,5.086 
523.37,12.132 ,12.577 ,5.150 
523.57,12.140 ,12.639 ,5.214 
523.76,12.147 ,12.700 ,5.279 
523.96,12.154 ,12.760 ,5.344 
524.16,12.161 ,12.821 ,5.409 
524.36,12.168 ,12.880 ,5.474 
524.56,12.175 ,12.940 ,5.539 
524.75,12.182 ,12.998 ,5.603 
524.95,12.189 ,13.056 ,5.667 
525.15,12.196 ,13.114 ,5.731 
525.35,12.203 ,13.170 ,5.795 
525.55,12.211 ,13.226 ,5.858 
525.74,12.218 ,13.281 ,5.920 
525.94,12.225 ,13.335 ,5.982 
526.14,12.232 ,13.388 ,6.043 
526.34,12.239 ,13.440 ,6.103 
526.53,12.246 ,13.492 ,6.165 
526.73,12.253 ,13.544 ,6.228 
526.93,12.260 ,13.596 ,6.294 
527.13,12.267 ,13.649 ,6.361 
527.32,12.273 ,13.701 ,6.430 
527.52,12.280 ,13.754 ,6.500 
527.72,12.286 ,13.807 ,6.571 
527.92,12.292 ,13.859 ,6.643 
528.12,12.298 ,13.912 ,6.717 
528.31,12.304 ,13.965 ,6.791 
528.51,12.310 ,14.017 ,6.866 
528.71,12.316 ,14.069 ,6.942 
528.91,12.321 ,14.122 ,7.018 
529.1,12.327 ,14.173 ,7.094 
529.3,12.332 ,14.225 ,7.171 
529.5,12.337 ,14.276 ,7.247 
529.7,12.343 ,14.327 ,7.324 
529.89,12.348 ,14.377 ,7.400 
530.09,12.353 ,14.427 ,7.475 
530.29,12.358 ,14.476 ,7.551 
530.49,12.363 ,14.525 ,7.625 
530.68,12.368 ,14.573 ,7.699 
530.88,12.373 ,14.621 ,7.771 
531.08,12.378 ,14.668 ,7.843 
531.28,12.382 ,14.714 ,7.913 
531.47,12.387 ,14.759 ,7.982 
531.67,12.392 ,14.804 ,8.049 
531.87,12.396 ,14.847 ,8.115 
532.07,12.401 ,14.890 ,8.179 
532.26,12.406 ,14.932 ,8.241 
532.46,12.410 ,14.973 ,8.300 
532.66,12.415 ,15.013 ,8.358 
532.85,12.419 ,15.052 ,8.416 
533.05,12.423 ,15.091 ,8.474 
533.25,12.427 ,15.129 ,8.533 
533.45,12.431 ,15.167 ,8.592 
533.64,12.435 ,15.204 ,8.651 
533.84,12.439 ,15.241 ,8.711 
534.04,12.443 ,15.277 ,8.770 
534.24,12.447 ,15.313 ,8.830 
534.43,12.450 ,15.349 ,8.890 
534.63,12.454 ,15.384 ,8.949 
534.83,12.457 ,15.418 ,9.009 
535.02,12.460 ,15.452 ,9.068 
535.22,12.464 ,15.486 ,9.127 
535.42,12.467 ,15.519 ,9.185 
535.62,12.470 ,15.552 ,9.243 
535.81,12.473 ,15.584 ,9.301 
536.01,12.476 ,15.616 ,9.358 
536.21,12.479 ,15.647 ,9.414 
536.4,12.482 ,15.678 ,9.469 
536.6,12.485 ,15.709 ,9.524 
536.8,12.488 ,15.739 ,9.578 
537,12.491 ,15.768 ,9.631 
537.19,12.494 ,15.797 ,9.682 
537.39,12.497 ,15.826 ,9.733 
537.59,12.500 ,15.854 ,9.782 
537.78,12.503 ,15.882 ,9.831 
537.98,12.506 ,15.910 ,9.877 
538.18,12.509 ,15.937 ,9.923 
538.37,12.512 ,15.963 ,9.967 
538.57,12.515 ,15.989 ,10.009 
538.77,12.519 ,16.015 ,10.050 
538.96,12.521 ,16.039 ,10.090 
539.16,12.523 ,16.063 ,10.128 
539.36,12.525 ,16.085 ,10.165 
539.56,12.527 ,16.107 ,10.201 
539.75,12.528 ,16.127 ,10.236 
539.95,12.529 ,16.147 ,10.270 
540.15,12.530 ,16.165 ,10.303 
540.34,12.531 ,16.183 ,10.335 
540.54,12.531 ,16.201 ,10.366 
540.74,12.531 ,16.217 ,10.396 
540.93,12.531 ,16.233 ,10.425 
541.13,12.531 ,16.249 ,10.454 
541.33,12.531 ,16.263 ,10.482 
541.52,12.531 ,16.278 ,10.509 
541.72,12.531 ,16.292 ,10.535 
541.92,12.531 ,16.306 ,10.561 
542.11,12.531 ,16.319 ,10.586 
542.31,12.531 ,16.332 ,10.611 
542.51,12.531 ,16.345 ,10.636 
542.7,12.531 ,16.358 ,10.659 
542.9,12.531 ,16.370 ,10.683 
543.1,12.532 ,16.383 ,10.706 
543.29,12.532 ,16.395 ,10.729 
543.49,12.533 ,16.408 ,10.752 
543.69,12.534 ,16.421 ,10.774 
543.88,12.536 ,16.434 ,10.796 
544.08,12.538 ,16.447 ,10.819 
544.28,12.540 ,16.460 ,10.841 
544.47,12.542 ,16.474 ,10.863 
544.67,12.545 ,16.488 ,10.885 
544.87,12.548 ,16.502 ,10.907 
545.06,12.552 ,16.517 ,10.929 
545.26,12.555 ,16.531 ,10.949 
545.46,12.558 ,16.544 ,10.969 
545.65,12.561 ,16.557 ,10.988 
545.85,12.563 ,16.569 ,11.005 
546.04,12.566 ,16.581 ,11.022 
546.24,12.568 ,16.592 ,11.038 
546.44,12.570 ,16.603 ,11.053 
546.63,12.572 ,16.613 ,11.067 
546.83,12.574 ,16.623 ,11.081 
547.03,12.576 ,16.632 ,11.094 
547.22,12.578 ,16.641 ,11.106 
547.42,12.580 ,16.650 ,11.118 
547.62,12.582 ,16.659 ,11.129 
547.81,12.584 ,16.667 ,11.139 
548.01,12.587 ,16.675 ,11.150 
548.2,12.589 ,16.684 ,11.159 
548.4,12.592 ,16.692 ,11.169 
548.6,12.595 ,16.699 ,11.178 
548.79,12.598 ,16.707 ,11.187 
548.99,12.601 ,16.715 ,11.196 
549.19,12.605 ,16.723 ,11.205 
549.38,12.609 ,16.731 ,11.213 
549.58,12.613 ,16.739 ,11.222 
549.77,12.618 ,16.747 ,11.230 
549.97,12.623 ,16.756 ,11.239 
550.17,12.628 ,16.764 ,11.248 
550.36,12.634 ,16.773 ,11.257 
550.56,12.641 ,16.782 ,11.266 
550.76,12.648 ,16.792 ,11.275 
550.95,12.655 ,16.802 ,11.285 
551.15,12.663 ,16.812 ,11.295 
551.34,12.672 ,16.822 ,11.305 
551.54,12.680 ,16.833 ,11.315 
551.74,12.689 ,16.843 ,11.326 
551.93,12.698 ,16.854 ,11.336 
552.13,12.707 ,16.865 ,11.347 
552.32,12.716 ,16.876 ,11.357 
552.52,12.726 ,16.887 ,11.368 
552.72,12.736 ,16.898 ,11.378 
552.91,12.746 ,16.910 ,11.389 
553.11,12.756 ,16.921 ,11.399 
553.3,12.767 ,16.932 ,11.409 
553.5,12.778 ,16.943 ,11.418 
553.7,12.788 ,16.954 ,11.428 
553.89,12.800 ,16.965 ,11.437 
554.09,12.811 ,16.976 ,11.446 
554.28,12.822 ,16.986 ,11.454 
554.48,12.834 ,16.997 ,11.462 
554.67,12.846 ,17.007 ,11.470 
554.87,12.858 ,17.017 ,11.476 
555.07,12.870 ,17.027 ,11.483 
555.26,12.882 ,17.036 ,11.489 
555.46,12.895 ,17.046 ,11.494 
555.65,12.907 ,17.055 ,11.498 
555.85,12.920 ,17.063 ,11.502 
556.05,12.933 ,17.072 ,11.505 
556.24,12.946 ,17.079 ,11.508 
556.44,12.959 ,17.087 ,11.509 
556.63,12.973 ,17.094 ,11.510 
556.83,12.986 ,17.100 ,11.509 
557.02,13.000 ,17.107 ,11.508 
557.22,13.014 ,17.112 ,11.506 
557.42,13.028 ,17.118 ,11.504 
557.61,13.042 ,17.124 ,11.502 
557.81,13.056 ,17.129 ,11.499 
558,13.071 ,17.135 ,11.497 
558.2,13.085 ,17.141 ,11.494 
558.39,13.100 ,17.147 ,11.491 
558.59,13.116 ,17.152 ,11.488 
558.78,13.131 ,17.158 ,11.485 
558.98,13.146 ,17.164 ,11.482 
559.18,13.162 ,17.169 ,11.478 
559.37,13.178 ,17.175 ,11.474 
559.57,13.194 ,17.180 ,11.469 
559.76,13.211 ,17.185 ,11.464 
559.96,13.227 ,17.190 ,11.459 
560.15,13.244 ,17.194 ,11.453 
560.35,13.261 ,17.199 ,11.446 
560.54,13.278 ,17.203 ,11.439 
560.74,13.295 ,17.207 ,11.431 
560.94,13.312 ,17.211 ,11.423 
561.13,13.330 ,17.214 ,11.414 
561.33,13.348 ,17.217 ,11.405 
561.52,13.365 ,17.220 ,11.394 
561.72,13.384 ,17.222 ,11.383 
561.91,13.402 ,17.224 ,11.371 
562.11,13.420 ,17.226 ,11.358 
562.3,13.439 ,17.227 ,11.345 
562.5,13.458 ,17.227 ,11.330 
562.69,13.477 ,17.227 ,11.315 
562.89,13.496 ,17.227 ,11.298 
563.08,13.515 ,17.226 ,11.281 
563.28,13.534 ,17.225 ,11.262 
563.47,13.554 ,17.223 ,11.242 
563.67,13.574 ,17.221 ,11.222 
563.86,13.595 ,17.219 ,11.200 
564.06,13.615 ,17.216 ,11.177 
564.26,13.636 ,17.213 ,11.153 
564.45,13.657 ,17.209 ,11.128 
564.65,13.678 ,17.205 ,11.103 
564.84,13.699 ,17.201 ,11.076 
565.04,13.721 ,17.197 ,11.049 
565.23,13.743 ,17.192 ,11.021 
565.43,13.765 ,17.187 ,10.992 
565.62,13.787 ,17.181 ,10.963 
565.82,13.810 ,17.176 ,10.932 
566.01,13.832 ,17.170 ,10.902 
566.21,13.855 ,17.164 ,10.871 
566.4,13.878 ,17.157 ,10.839 
566.6,13.901 ,17.151 ,10.807 
566.79,13.924 ,17.144 ,10.774 
566.99,13.947 ,17.136 ,10.741 
567.18,13.970 ,17.129 ,10.708 
567.38,13.994 ,17.121 ,10.674 
567.57,14.018 ,17.114 ,10.640 
567.77,14.041 ,17.106 ,10.606 
567.96,14.065 ,17.097 ,10.571 
568.16,14.089 ,17.089 ,10.537 
568.35,14.113 ,17.081 ,10.503 
568.55,14.137 ,17.072 ,10.468 
568.74,14.161 ,17.063 ,10.433 
568.94,14.185 ,17.054 ,10.399 
569.13,14.209 ,17.045 ,10.364 
569.33,14.233 ,17.035 ,10.330 
569.52,14.258 ,17.025 ,10.294 
569.72,14.282 ,17.015 ,10.256 
569.91,14.307 ,17.003 ,10.217 
570.11,14.332 ,16.991 ,10.177 
570.3,14.358 ,16.979 ,10.135 
570.49,14.383 ,16.965 ,10.092 
570.69,14.409 ,16.952 ,10.048 
570.88,14.434 ,16.937 ,10.002 
571.08,14.460 ,16.923 ,9.956 
571.27,14.486 ,16.908 ,9.909 
571.47,14.513 ,16.892 ,9.861 
571.66,14.539 ,16.876 ,9.813 
571.86,14.566 ,16.860 ,9.764 
572.05,14.592 ,16.844 ,9.715 
572.25,14.619 ,16.828 ,9.665 
572.44,14.646 ,16.811 ,9.616 
572.64,14.673 ,16.795 ,9.566 
572.83,14.701 ,16.778 ,9.516 
573.03,14.728 ,16.761 ,9.466 
573.22,14.755 ,16.744 ,9.417 
573.41,14.783 ,16.728 ,9.368 
573.61,14.811 ,16.711 ,9.319 
573.8,14.838 ,16.695 ,9.271 
574,14.866 ,16.679 ,9.223 
574.19,14.894 ,16.663 ,9.177 
574.39,14.922 ,16.647 ,9.131 
574.58,14.950 ,16.632 ,9.086 
574.78,14.978 ,16.617 ,9.042 
574.97,15.006 ,16.602 ,8.999 
575.16,15.034 ,16.588 ,8.958 
575.36,15.062 ,16.574 ,8.917 
575.55,15.091 ,16.559 ,8.875 
575.75,15.120 ,16.544 ,8.832 
575.94,15.149 ,16.528 ,8.789 
576.14,15.179 ,16.512 ,8.745 
576.33,15.208 ,16.495 ,8.700 
576.53,15.238 ,16.478 ,8.655 
576.72,15.268 ,16.461 ,8.610 
576.91,15.299 ,16.443 ,8.564 
577.11,15.329 ,16.426 ,8.517 
577.3,15.360 ,16.408 ,8.471 
577.5,15.391 ,16.390 ,8.424 
577.69,15.422 ,16.371 ,8.377 
577.89,15.453 ,16.353 ,8.331 
578.08,15.484 ,16.334 ,8.284 
578.27,15.515 ,16.316 ,8.237 
578.47,15.547 ,16.298 ,8.191 
578.66,15.578 ,16.279 ,8.144 
578.86,15.610 ,16.261 ,8.098 
579.05,15.641 ,16.243 ,8.053 
579.25,15.673 ,16.225 ,8.008 
579.44,15.704 ,16.208 ,7.963 
579.63,15.736 ,16.190 ,7.919 
579.83,15.767 ,16.173 ,7.876 
580.02,15.799 ,16.157 ,7.833 
580.22,15.830 ,16.140 ,7.791 
580.41,15.862 ,16.124 ,7.750 
580.6,15.893 ,16.109 ,7.710 
580.8,15.924 ,16.094 ,7.671 
580.99,15.955 ,16.080 ,7.633 
581.19,15.986 ,16.066 ,7.596 
581.38,16.017 ,16.053 ,7.560 
581.57,16.048 ,16.039 ,7.524 
581.77,16.079 ,16.026 ,7.488 
581.96,16.110 ,16.012 ,7.453 
582.16,16.141 ,15.998 ,7.417 
582.35,16.173 ,15.984 ,7.382 
582.54,16.204 ,15.970 ,7.347 
582.74,16.236 ,15.956 ,7.312 
582.93,16.267 ,15.942 ,7.277 
583.13,16.299 ,15.928 ,7.242 
583.32,16.331 ,15.914 ,7.208 
583.51,16.362 ,15.900 ,7.174 
583.71,16.394 ,15.886 ,7.140 
583.9,16.426 ,15.872 ,7.106 
584.09,16.458 ,15.858 ,7.073 
584.29,16.490 ,15.845 ,7.040 
584.48,16.522 ,15.831 ,7.008 
584.68,16.554 ,15.818 ,6.975 
584.87,16.586 ,15.805 ,6.944 
585.06,16.618 ,15.792 ,6.912 
585.26,16.650 ,15.779 ,6.881 
585.45,16.682 ,15.767 ,6.850 
585.64,16.714 ,15.755 ,6.820 
585.84,16.747 ,15.743 ,6.790 
586.03,16.779 ,15.732 ,6.761 
586.23,16.811 ,15.720 ,6.732 
586.42,16.843 ,15.710 ,6.704 
586.61,16.875 ,15.699 ,6.676 
586.81,16.907 ,15.690 ,6.649 
587,16.938 ,15.680 ,6.622 
587.19,16.970 ,15.671 ,6.596 
587.39,17.002 ,15.663 ,6.570 
587.58,17.034 ,15.655 ,6.545 
587.77,17.067 ,15.647 ,6.521 
587.97,17.099 ,15.640 ,6.498 
588.16,17.132 ,15.632 ,6.475 
588.36,17.164 ,15.626 ,6.452 
588.55,17.197 ,15.619 ,6.430 
588.74,17.230 ,15.613 ,6.409 
588.94,17.263 ,15.607 ,6.388 
589.13,17.296 ,15.602 ,6.368 
589.32,17.329 ,15.596 ,6.348 
589.52,17.362 ,15.591 ,6.329 
589.71,17.395 ,15.586 ,6.310 
589.9,17.429 ,15.582 ,6.291 
590.1,17.462 ,15.577 ,6.273 
590.29,17.495 ,15.573 ,6.255 
590.48,17.528 ,15.569 ,6.237 
590.68,17.562 ,15.565 ,6.220 
590.87,17.595 ,15.561 ,6.203 
591.06,17.628 ,15.557 ,6.186 
591.26,17.661 ,15.554 ,6.169 
591.45,17.694 ,15.550 ,6.153 
591.64,17.727 ,15.547 ,6.137 
591.84,17.760 ,15.543 ,6.120 
592.03,17.793 ,15.540 ,6.104 
592.22,17.826 ,15.537 ,6.088 
592.42,17.859 ,15.533 ,6.072 
592.61,17.891 ,15.530 ,6.057 
592.8,17.924 ,15.527 ,6.041 
593,17.956 ,15.523 ,6.025 
593.19,17.988 ,15.520 ,6.009 
593.38,18.020 ,15.517 ,5.993 
593.58,18.052 ,15.514 ,5.978 
593.77,18.085 ,15.512 ,5.964 
593.96,18.117 ,15.510 ,5.951 
594.15,18.149 ,15.509 ,5.938 
594.35,18.182 ,15.508 ,5.926 
594.54,18.214 ,15.507 ,5.914 
594.73,18.246 ,15.507 ,5.902 
594.93,18.279 ,15.507 ,5.891 
595.12,18.311 ,15.507 ,5.881 
595.31,18.344 ,15.507 ,5.871 
595.51,18.376 ,15.508 ,5.861 
595.7,18.408 ,15.509 ,5.851 
595.89,18.441 ,15.510 ,5.842 
596.08,18.473 ,15.511 ,5.833 
596.28,18.505 ,15.512 ,5.824 
596.47,18.538 ,15.513 ,5.815 
596.66,18.570 ,15.514 ,5.807 
596.86,18.602 ,15.515 ,5.798 
597.05,18.634 ,15.516 ,5.789 
597.24,18.666 ,15.517 ,5.781 
597.44,18.698 ,15.518 ,5.772 
597.63,18.729 ,15.519 ,5.764 
597.82,18.761 ,15.519 ,5.755 
598.01,18.793 ,15.520 ,5.746 
598.21,18.824 ,15.520 ,5.736 
598.4,18.856 ,15.519 ,5.727 
598.59,18.887 ,15.519 ,5.717 
598.78,18.918 ,15.518 ,5.707 
598.98,18.949 ,15.517 ,5.697 
599.17,18.980 ,15.515 ,5.687 
599.36,19.011 ,15.514 ,5.677 
599.56,19.042 ,15.514 ,5.667 
599.75,19.073 ,15.513 ,5.658 
599.94,19.104 ,15.513 ,5.650 
600.13,19.135 ,15.513 ,5.642 
600.33,19.166 ,15.513 ,5.634 
600.52,19.197 ,15.513 ,5.627 
600.71,19.228 ,15.514 ,5.620 
600.9,19.259 ,15.514 ,5.613 
601.1,19.290 ,15.515 ,5.607 
601.29,19.321 ,15.516 ,5.601 
601.48,19.352 ,15.517 ,5.595 
601.67,19.383 ,15.518 ,5.589 
601.87,19.414 ,15.519 ,5.583 
602.06,19.445 ,15.520 ,5.577 
602.25,19.476 ,15.520 ,5.571 
602.44,19.506 ,15.521 ,5.566 
602.64,19.537 ,15.522 ,5.560 
602.83,19.568 ,15.522 ,5.554 
603.02,19.598 ,15.523 ,5.548 
603.21,19.629 ,15.523 ,5.542 
603.41,19.659 ,15.523 ,5.535 
603.6,19.689 ,15.523 ,5.529 
603.79,19.719 ,15.523 ,5.522 
603.98,19.749 ,15.522 ,5.515 
604.18,19.779 ,15.521 ,5.508 
604.37,19.809 ,15.520 ,5.500 
604.56,19.838 ,15.518 ,5.492 
604.75,19.868 ,15.516 ,5.483 
604.95,19.897 ,15.514 ,5.474 
605.14,19.926 ,15.512 ,5.465 
605.33,19.955 ,15.509 ,5.456 
605.52,19.984 ,15.507 ,5.447 
605.72,20.013 ,15.504 ,5.438 
605.91,20.042 ,15.502 ,5.429 
606.1,20.071 ,15.500 ,5.420 
606.29,20.100 ,15.497 ,5.412 
606.48,20.129 ,15.495 ,5.403 
606.68,20.158 ,15.493 ,5.395 
606.87,20.187 ,15.490 ,5.386 
607.06,20.215 ,15.488 ,5.378 
607.25,20.244 ,15.485 ,5.370 
607.45,20.273 ,15.483 ,5.361 
607.64,20.301 ,15.480 ,5.353 
607.83,20.329 ,15.477 ,5.344 
608.02,20.358 ,15.474 ,5.336 
608.21,20.386 ,15.471 ,5.327 
608.41,20.414 ,15.468 ,5.318 
608.6,20.442 ,15.465 ,5.309 
608.79,20.470 ,15.461 ,5.300 
608.98,20.497 ,15.457 ,5.291 
609.17,20.525 ,15.453 ,5.281 
609.37,20.552 ,15.449 ,5.272 
609.56,20.580 ,15.445 ,5.262 
609.75,20.607 ,15.440 ,5.252 
609.94,20.634 ,15.435 ,5.241 
610.13,20.661 ,15.430 ,5.231 
610.33,20.688 ,15.424 ,5.220 
610.52,20.715 ,15.418 ,5.209 
610.71,20.741 ,15.412 ,5.197 
610.9,20.768 ,15.406 ,5.185 
611.09,20.794 ,15.399 ,5.173 
611.29,20.820 ,15.391 ,5.160 
611.48,20.847 ,15.383 ,5.147 
611.67,20.873 ,15.375 ,5.134 
611.86,20.899 ,15.367 ,5.120 
612.05,20.925 ,15.358 ,5.106 
612.24,20.951 ,15.349 ,5.092 
612.44,20.977 ,15.339 ,5.078 
612.63,21.003 ,15.330 ,5.063 
612.82,21.028 ,15.320 ,5.048 
613.01,21.054 ,15.310 ,5.033 
613.2,21.080 ,15.300 ,5.018 
613.4,21.105 ,15.289 ,5.003 
613.59,21.130 ,15.279 ,4.988 
613.78,21.156 ,15.268 ,4.972 
613.97,21.181 ,15.257 ,4.957 
614.16,21.206 ,15.246 ,4.941 
614.35,21.231 ,15.236 ,4.926 
614.55,21.256 ,15.225 ,4.910 
614.74,21.281 ,15.214 ,4.895 
614.93,21.305 ,15.203 ,4.879 
615.12,21.330 ,15.192 ,4.864 
615.31,21.354 ,15.181 ,4.849 
615.5,21.378 ,15.170 ,4.834 
615.69,21.402 ,15.160 ,4.819 
615.89,21.426 ,15.149 ,4.804 
616.08,21.450 ,15.139 ,4.789 
616.27,21.474 ,15.129 ,4.775 
616.46,21.498 ,15.119 ,4.760 
616.65,21.521 ,15.109 ,4.746 
616.84,21.544 ,15.099 ,4.732 
617.04,21.567 ,15.089 ,4.718 
617.23,21.590 ,15.078 ,4.703 
617.42,21.613 ,15.067 ,4.688 
617.61,21.635 ,15.055 ,4.673 
617.8,21.657 ,15.043 ,4.657 
617.99,21.679 ,15.030 ,4.641 
618.18,21.701 ,15.017 ,4.625 
618.38,21.722 ,15.004 ,4.609 
618.57,21.744 ,14.991 ,4.592 
618.76,21.765 ,14.977 ,4.576 
618.95,21.786 ,14.963 ,4.559 
619.14,21.807 ,14.949 ,4.543 
619.33,21.828 ,14.936 ,4.526 
619.52,21.849 ,14.922 ,4.509 
619.71,21.870 ,14.908 ,4.493 
619.91,21.890 ,14.894 ,4.476 
620.1,21.911 ,14.880 ,4.459 
620.29,21.931 ,14.867 ,4.443 
620.48,21.952 ,14.854 ,4.427 
620.67,21.973 ,14.840 ,4.411 
620.86,21.993 ,14.828 ,4.395 
621.05,22.014 ,14.815 ,4.380 
621.24,22.034 ,14.803 ,4.365 
621.43,22.055 ,14.791 ,4.350 
621.63,22.075 ,14.780 ,4.335 
621.82,22.096 ,14.769 ,4.321 
622.01,22.117 ,14.759 ,4.308 
622.2,22.137 ,14.750 ,4.294 
622.39,22.158 ,14.741 ,4.282 
622.58,22.179 ,14.732 ,4.269 
622.77,22.200 ,14.724 ,4.257 
622.96,22.221 ,14.716 ,4.245 
623.15,22.243 ,14.709 ,4.233 
623.35,22.264 ,14.702 ,4.222 
623.54,22.285 ,14.695 ,4.210 
623.73,22.306 ,14.688 ,4.199 
623.92,22.328 ,14.682 ,4.188 
624.11,22.349 ,14.676 ,4.177 
624.3,22.370 ,14.670 ,4.166 
624.49,22.391 ,14.664 ,4.155 
624.68,22.413 ,14.658 ,4.145 
624.87,22.434 ,14.652 ,4.134 
625.06,22.455 ,14.647 ,4.124 
625.25,22.476 ,14.642 ,4.113 
625.45,22.497 ,14.636 ,4.103 
625.64,22.518 ,14.631 ,4.093 
625.83,22.538 ,14.626 ,4.083 
626.02,22.559 ,14.621 ,4.073 
626.21,22.579 ,14.615 ,4.063 
626.4,22.600 ,14.610 ,4.053 
626.59,22.620 ,14.605 ,4.043 
626.78,22.640 ,14.599 ,4.033 
626.97,22.660 ,14.594 ,4.023 
627.16,22.679 ,14.588 ,4.013 
627.35,22.699 ,14.583 ,4.003 
627.54,22.718 ,14.577 ,3.993 
627.73,22.737 ,14.571 ,3.983 
627.92,22.756 ,14.565 ,3.973 
628.12,22.774 ,14.558 ,3.963 
628.31,22.792 ,14.552 ,3.953 
628.5,22.811 ,14.546 ,3.943 
628.69,22.830 ,14.541 ,3.934 
628.88,22.850 ,14.538 ,3.925 
629.07,22.870 ,14.536 ,3.917 
629.26,22.891 ,14.534 ,3.909 
629.45,22.912 ,14.534 ,3.902 
629.64,22.933 ,14.535 ,3.895 
629.83,22.955 ,14.536 ,3.889 
630.02,22.977 ,14.537 ,3.882 
630.21,22.998 ,14.539 ,3.876 
630.4,23.020 ,14.542 ,3.870 
630.59,23.042 ,14.544 ,3.865 
630.78,23.064 ,14.547 ,3.859 
630.97,23.086 ,14.550 ,3.854 
631.16,23.108 ,14.553 ,3.848 
631.35,23.129 ,14.555 ,3.843 
631.54,23.150 ,14.557 ,3.837 
631.73,23.171 ,14.559 ,3.832 
631.93,23.191 ,14.560 ,3.826 
632.12,23.211 ,14.561 ,3.820 
632.31,23.230 ,14.560 ,3.813 
632.5,23.249 ,14.559 ,3.807 
632.69,23.266 ,14.557 ,3.800 
632.88,23.284 ,14.554 ,3.793 
633.07,23.300 ,14.550 ,3.785 
633.26,23.315 ,14.544 ,3.777 
633.45,23.330 ,14.537 ,3.768 
633.64,23.343 ,14.529 ,3.759 
633.83,23.356 ,14.518 ,3.749 
634.02,23.367 ,14.507 ,3.738 
634.21,23.378 ,14.495 ,3.728 
634.4,23.390 ,14.483 ,3.717 
634.59,23.401 ,14.471 ,3.706 
634.78,23.413 ,14.459 ,3.696 
634.97,23.424 ,14.447 ,3.685 
635.16,23.436 ,14.435 ,3.674 
635.35,23.447 ,14.423 ,3.664 
635.54,23.459 ,14.411 ,3.653 
635.73,23.470 ,14.398 ,3.642 
635.92,23.481 ,14.386 ,3.631 
636.11,23.492 ,14.373 ,3.620 
636.3,23.502 ,14.360 ,3.609 
636.49,23.513 ,14.346 ,3.597 
636.68,23.522 ,14.332 ,3.586 
636.87,23.532 ,14.318 ,3.575 
637.06,23.541 ,14.303 ,3.563 
637.25,23.549 ,14.288 ,3.551 
637.44,23.557 ,14.272 ,3.539 
637.63,23.565 ,14.255 ,3.527 
637.82,23.572 ,14.238 ,3.515 
638.01,23.578 ,14.220 ,3.503 
638.2,23.583 ,14.201 ,3.490 
638.39,23.588 ,14.182 ,3.478 
638.58,23.592 ,14.161 ,3.465 
638.77,23.595 ,14.140 ,3.452 
638.96,23.597 ,14.118 ,3.438 
639.15,23.599 ,14.095 ,3.425 
639.34,23.599 ,14.071 ,3.411 
639.53,23.599 ,14.046 ,3.397 
639.72,23.597 ,14.019 ,3.383 
639.91,23.595 ,13.992 ,3.368 
640.1,23.591 ,13.962 ,3.353 
640.29,23.586 ,13.931 ,3.337 
640.48,23.580 ,13.899 ,3.321 
640.67,23.572 ,13.864 ,3.305 
640.86,23.564 ,13.828 ,3.288 
641.05,23.555 ,13.791 ,3.270 
641.24,23.545 ,13.753 ,3.252 
641.42,23.534 ,13.713 ,3.234 
641.61,23.523 ,13.673 ,3.215 
641.8,23.511 ,13.631 ,3.197 
641.99,23.498 ,13.589 ,3.178 
642.18,23.484 ,13.546 ,3.159 
642.37,23.470 ,13.503 ,3.139 
642.56,23.456 ,13.459 ,3.120 
642.75,23.441 ,13.414 ,3.100 
642.94,23.425 ,13.370 ,3.081 
643.13,23.410 ,13.325 ,3.061 
643.32,23.394 ,13.280 ,3.042 
643.51,23.378 ,13.235 ,3.022 
643.7,23.362 ,13.190 ,3.003 
643.89,23.345 ,13.146 ,2.983 
644.08,23.329 ,13.102 ,2.964 
644.27,23.313 ,13.058 ,2.946 
644.46,23.297 ,13.015 ,2.927 
644.65,23.280 ,12.973 ,2.909 
644.84,23.265 ,12.931 ,2.890 
645.03,23.249 ,12.891 ,2.873 
645.21,23.234 ,12.851 ,2.855 
645.4,23.219 ,12.812 ,2.838 
645.59,23.203 ,12.773 ,2.822 
645.78,23.187 ,12.733 ,2.804 
645.97,23.170 ,12.692 ,2.787 
646.16,23.152 ,12.649 ,2.769 
646.35,23.132 ,12.605 ,2.751 
646.54,23.113 ,12.561 ,2.733 
646.73,23.092 ,12.515 ,2.714 
646.92,23.071 ,12.469 ,2.695 
647.11,23.049 ,12.422 ,2.677 
647.3,23.026 ,12.374 ,2.658 
647.49,23.003 ,12.326 ,2.639 
647.67,22.980 ,12.277 ,2.620 
647.86,22.956 ,12.229 ,2.600 
648.05,22.932 ,12.180 ,2.581 
648.24,22.908 ,12.131 ,2.562 
648.43,22.883 ,12.082 ,2.543 
648.62,22.859 ,12.033 ,2.524 
648.81,22.834 ,11.984 ,2.505 
649,22.809 ,11.935 ,2.487 
649.19,22.784 ,11.887 ,2.468 
649.38,22.760 ,11.840 ,2.450 
649.57,22.735 ,11.793 ,2.431 
649.75,22.711 ,11.747 ,2.413 
649.94,22.687 ,11.701 ,2.396 
650.13,22.663 ,11.656 ,2.378 
650.32,22.640 ,11.613 ,2.361 
650.51,22.617 ,11.570 ,2.344 
650.7,22.594 ,11.529 ,2.328 
650.89,22.572 ,11.489 ,2.312 
651.08,22.551 ,11.450 ,2.296 
651.27,22.530 ,11.413 ,2.281 
651.46,22.510 ,11.376 ,2.266 
651.64,22.489 ,11.340 ,2.251 
651.83,22.469 ,11.304 ,2.237 
652.02,22.450 ,11.269 ,2.223 
652.21,22.430 ,11.235 ,2.209 
652.4,22.410 ,11.201 ,2.195 
652.59,22.391 ,11.168 ,2.181 
652.78,22.371 ,11.135 ,2.168 
652.97,22.352 ,11.102 ,2.154 
653.15,22.333 ,11.070 ,2.141 
653.34,22.313 ,11.038 ,2.128 
653.53,22.294 ,11.006 ,2.116 
653.72,22.274 ,10.975 ,2.103 
653.91,22.255 ,10.943 ,2.090 
654.1,22.235 ,10.912 ,2.078 
654.29,22.215 ,10.881 ,2.065 
654.48,22.195 ,10.850 ,2.053 
654.66,22.175 ,10.820 ,2.040 
654.85,22.154 ,10.789 ,2.028 
655.04,22.133 ,10.758 ,2.015 
655.23,22.112 ,10.727 ,2.003 
655.42,22.091 ,10.696 ,1.990 
655.61,22.069 ,10.665 ,1.978 
655.8,22.047 ,10.634 ,1.966 
655.98,22.025 ,10.603 ,1.953 
656.17,22.002 ,10.571 ,1.940 
656.36,21.978 ,10.539 ,1.928 
656.55,21.955 ,10.507 ,1.915 
656.74,21.930 ,10.475 ,1.902 
656.93,21.906 ,10.443 ,1.889 
657.11,21.881 ,10.411 ,1.876 
657.3,21.857 ,10.380 ,1.864 
657.49,21.832 ,10.349 ,1.852 
657.68,21.808 ,10.319 ,1.840 
657.87,21.783 ,10.289 ,1.828 
658.06,21.758 ,10.259 ,1.816 
658.25,21.734 ,10.230 ,1.804 
658.43,21.709 ,10.201 ,1.793 
658.62,21.684 ,10.172 ,1.781 
658.81,21.659 ,10.144 ,1.770 
659,21.633 ,10.115 ,1.759 
659.19,21.608 ,10.087 ,1.747 
659.38,21.583 ,10.059 ,1.736 
659.56,21.557 ,10.031 ,1.725 
659.75,21.531 ,10.003 ,1.714 
659.94,21.505 ,9.975 ,1.703 
660.13,21.479 ,9.947 ,1.692 
660.32,21.452 ,9.919 ,1.681 
660.5,21.425 ,9.891 ,1.670 
660.69,21.398 ,9.863 ,1.659 
660.88,21.371 ,9.835 ,1.648 
661.07,21.344 ,9.806 ,1.637 
661.26,21.316 ,9.778 ,1.625 
661.45,21.288 ,9.749 ,1.614 
661.63,21.259 ,9.719 ,1.602 
661.82,21.230 ,9.690 ,1.591 
662.01,21.201 ,9.660 ,1.579 
662.2,21.171 ,9.629 ,1.567 
662.39,21.142 ,9.598 ,1.555 
662.57,21.111 ,9.567 ,1.543 
662.76,21.079 ,9.535 ,1.531 
662.95,21.045 ,9.501 ,1.519 
663.14,21.010 ,9.467 ,1.507 
663.33,20.974 ,9.432 ,1.494 
663.51,20.937 ,9.396 ,1.482 
663.7,20.899 ,9.360 ,1.470 
663.89,20.859 ,9.323 ,1.458 
664.08,20.820 ,9.286 ,1.445 
664.27,20.779 ,9.248 ,1.433 
664.45,20.738 ,9.210 ,1.420 
664.64,20.696 ,9.172 ,1.408 
664.83,20.654 ,9.134 ,1.396 
665.02,20.612 ,9.096 ,1.383 
665.2,20.570 ,9.057 ,1.371 
665.39,20.527 ,9.019 ,1.359 
665.58,20.485 ,8.981 ,1.346 
665.77,20.443 ,8.944 ,1.334 
665.96,20.401 ,8.906 ,1.322 
666.14,20.360 ,8.869 ,1.309 
666.33,20.319 ,8.833 ,1.297 
666.52,20.279 ,8.797 ,1.285 
666.71,20.239 ,8.762 ,1.273 
666.89,20.201 ,8.728 ,1.260 
667.08,20.163 ,8.694 ,1.248 
667.27,20.127 ,8.662 ,1.236 
667.46,20.091 ,8.630 ,1.224 
667.64,20.057 ,8.600 ,1.212 
667.83,20.025 ,8.571 ,1.200 
668.02,19.993 ,8.543 ,1.188 
668.21,19.960 ,8.513 ,1.176 
668.4,19.925 ,8.483 ,1.164 
668.58,19.888 ,8.451 ,1.152 
668.77,19.850 ,8.419 ,1.140 
668.96,19.809 ,8.385 ,1.128 
669.15,19.767 ,8.350 ,1.116 
669.33,19.725 ,8.315 ,1.103 
669.52,19.681 ,8.279 ,1.091 
669.71,19.636 ,8.243 ,1.079 
669.9,19.591 ,8.207 ,1.066 
670.08,19.545 ,8.170 ,1.054 
670.27,19.500 ,8.134 ,1.042 
670.46,19.454 ,8.097 ,1.029 
670.64,19.408 ,8.061 ,1.017 
670.83,19.364 ,8.026 ,1.004 
671.02,19.319 ,7.991 ,0.992 
671.21,19.276 ,7.956 ,0.980 
671.39,19.233 ,7.923 ,0.967 
671.58,19.192 ,7.891 ,0.955 
671.77,19.153 ,7.859 ,0.943 
671.96,19.115 ,7.829 ,0.931 
672.14,19.079 ,7.801 ,0.919 
672.33,19.045 ,7.774 ,0.907 
672.52,19.013 ,7.749 ,0.895 
672.71,18.984 ,7.725 ,0.884 
672.89,18.958 ,7.704 ,0.872 
673.08,18.934 ,7.685 ,0.861 
673.27,18.914 ,7.668 ,0.849 
673.45,18.897 ,7.653 ,0.838 
673.64,18.883 ,7.641 ,0.827 
673.83,18.870 ,7.629 ,0.816 
674.02,18.856 ,7.616 ,0.805 
674.2,18.842 ,7.603 ,0.793 
674.39,18.827 ,7.588 ,0.782 
674.58,18.811 ,7.573 ,0.770 
674.76,18.795 ,7.557 ,0.758 
674.95,18.779 ,7.542 ,0.746 
675.14,18.763 ,7.526 ,0.734 
675.33,18.748 ,7.510 ,0.722 
675.51,18.732 ,7.494 ,0.710 
675.7,18.718 ,7.479 ,0.698 
675.89,18.704 ,7.465 ,0.685 
676.07,18.691 ,7.451 ,0.673 
676.26,18.679 ,7.439 ,0.661 
676.45,18.669 ,7.427 ,0.649 
676.63,18.660 ,7.416 ,0.638 
676.82,18.653 ,7.408 ,0.626 
677.01,18.647 ,7.400 ,0.614 
677.19,18.644 ,7.395 ,0.603 
677.38,18.642 ,7.391 ,0.591 
677.57,18.643 ,7.390 ,0.580 
677.76,18.647 ,7.390 ,0.569 
677.94,18.653 ,7.394 ,0.559 
678.13,18.662 ,7.399 ,0.548 
678.32,18.674 ,7.408 ,0.538 
678.5,18.690 ,7.420 ,0.528 
678.69,18.708 ,7.434 ,0.519 
678.88,18.731 ,7.452 ,0.509 
679.06,18.757 ,7.474 ,0.501 
679.25,18.786 ,7.498 ,0.491 
679.44,18.818 ,7.521 ,0.478 
679.62,18.853 ,7.545 ,0.464 
679.81,18.890 ,7.570 ,0.447 
680,18.929 ,7.595 ,0.428 
680.18,18.971 ,7.621 ,0.408 
680.37,19.016 ,7.647 ,0.386 
680.56,19.062 ,7.674 ,0.363 
680.74,19.111 ,7.702 ,0.339 
680.93,19.161 ,7.732 ,0.315 
681.12,19.214 ,7.762 ,0.290 
681.3,19.268 ,7.794 ,0.264 
681.49,19.325 ,7.828 ,0.239 
681.68,19.382 ,7.862 ,0.213 
681.86,19.442 ,7.899 ,0.188 
682.05,19.503 ,7.937 ,0.164 
682.23,19.566 ,7.978 ,0.140 
682.42,19.630 ,8.020 ,0.118 
682.61,19.695 ,8.064 ,0.097 
682.79,19.761 ,8.111 ,0.077 
682.98,19.829 ,8.160 ,0.059 
683.17,19.898 ,8.211 ,0.043 
683.35,19.967 ,8.266 ,0.029 
683.54,20.038 ,8.322 ,0.018 
683.73,20.110 ,8.382 ,0.009 
683.91,20.182 ,8.445 ,0.003 
684.1,20.254 ,8.510 ,0.000 
684.29,20.328 ,8.579 ,0.000 
684.47,20.402 ,8.651 ,0.005 
684.66,20.476 ,8.727 ,0.012 
684.84,20.552 ,8.805 ,0.022 
685.03,20.630 ,8.886 ,0.032 
685.22,20.711 ,8.970 ,0.042 
685.4,20.794 ,9.056 ,0.051 
685.59,20.879 ,9.144 ,0.061 
685.78,20.967 ,9.234 ,0.071 
685.96,21.057 ,9.327 ,0.081 
686.15,21.148 ,9.421 ,0.091 
686.33,21.242 ,9.518 ,0.102 
686.52,21.337 ,9.617 ,0.114 
686.71,21.433 ,9.718 ,0.127 
686.89,21.531 ,9.821 ,0.141 
687.08,21.631 ,9.926 ,0.156 
687.26,21.731 ,10.033 ,0.172 
687.45,21.832 ,10.142 ,0.190 
687.64,21.935 ,10.252 ,0.209 
687.82,22.038 ,10.364 ,0.231 
688.01,22.141 ,10.478 ,0.253 
688.19,22.246 ,10.594 ,0.278 
688.38,22.350 ,10.711 ,0.306 
688.57,22.455 ,10.830 ,0.335 
688.75,22.560 ,10.950 ,0.367 
688.94,22.665 ,11.072 ,0.401 
689.12,22.770 ,11.195 ,0.438 
689.31,22.874 ,11.320 ,0.478 
689.5,22.979 ,11.446 ,0.521 
689.68,23.082 ,11.573 ,0.567 
689.87,23.185 ,11.702 ,0.616 
690.05,23.288 ,11.832 ,0.669 
690.24,23.390 ,11.963 ,0.725 
690.43,23.493 ,12.096 ,0.781 
690.61,23.597 ,12.231 ,0.840 
690.8,23.703 ,12.367 ,0.899 
690.98,23.809 ,12.506 ,0.960 
691.17,23.917 ,12.646 ,1.022 
691.35,24.025 ,12.788 ,1.086 
691.54,24.135 ,12.932 ,1.151 
691.73,24.245 ,13.078 ,1.217 
691.91,24.357 ,13.225 ,1.285 
692.1,24.469 ,13.375 ,1.355 
692.28,24.582 ,13.526 ,1.426 
692.47,24.697 ,13.679 ,1.499 
692.65,24.812 ,13.833 ,1.573 
692.84,24.927 ,13.990 ,1.649 
693.03,25.044 ,14.148 ,1.727 
693.21,25.161 ,14.308 ,1.807 
693.4,25.280 ,14.470 ,1.888 
693.58,25.398 ,14.634 ,1.971 
693.77,25.518 ,14.799 ,2.056 
693.95,25.638 ,14.966 ,2.143 
694.14,25.759 ,15.135 ,2.231 
694.32,25.881 ,15.306 ,2.322 
694.51,26.003 ,15.478 ,2.414 
694.7,26.125 ,15.652 ,2.508 
694.88,26.249 ,15.828 ,2.605 
695.07,26.372 ,16.006 ,2.703 
695.25,26.497 ,16.185 ,2.804 
695.44,26.621 ,16.366 ,2.906 
695.62,26.747 ,16.549 ,3.011 
695.81,26.872 ,16.734 ,3.118 
695.99,26.998 ,16.920 ,3.227 
696.18,27.125 ,17.108 ,3.338 
696.36,27.251 ,17.298 ,3.451 
696.55,27.379 ,17.489 ,3.566 
696.73,27.507 ,17.682 ,3.684 
696.92,27.635 ,17.877 ,3.803 
697.11,27.763 ,18.074 ,3.925 
697.29,27.893 ,18.272 ,4.048 
697.48,28.022 ,18.472 ,4.174 
697.66,28.153 ,18.673 ,4.301 
697.85,28.283 ,18.876 ,4.431 
698.03,28.415 ,19.081 ,4.562 
698.22,28.546 ,19.288 ,4.696 
698.4,28.679 ,19.496 ,4.831 
698.59,28.812 ,19.707 ,4.969 
698.77,28.945 ,19.918 ,5.108 
698.96,29.080 ,20.132 ,5.249 
699.14,29.214 ,20.347 ,5.392 
699.33,29.350 ,20.564 ,5.537 
699.51,29.486 ,20.783 ,5.684 
699.7,29.623 ,21.004 ,5.833 
699.88,29.760 ,21.226 ,5.984 
700.07,29.898 ,21.450 ,6.136 
700.25,30.037 ,21.676 ,6.290 
700.44,30.176 ,21.904 ,6.446 
700.62,30.317 ,22.133 ,6.604 
700.81,30.458 ,22.364 ,6.764 
700.99,30.599 ,22.597 ,6.925 